|a[Jennison's uterine douche]|h[realia]
"|a[Dieffenbach's serrefine, curved]|h[realia] /|c[Designed by Johann Friedrich Dieffenbach.]"
"|a[Spectacles with c-shaped bridge, folding temples, and circle ends]|h[realia]"
"|a[Regular surgeon's needle, cutting edge, spring eye, 3/8 circle curved]|h[realia]"
"|a[Probes, in pair, plated]|h[realia]"
"|a[Kollmann's posterior urethral dilator, Guyon curve]|h[realia] /|c[Designed by Arthur Kollmann and Felix Guyon.]"
|aRenulife violet ray generator|h[realia]
"|a[Fraenkel's laryngeal syringe tube, curved]|h[realia] /|c[Designed by Bernhard Fraenkel.]"
|a[Gowland's director]|h[realia]
"|aZeiss [compound microscope, model B, option BCE]|h[realia]"
|a[Pomeroy's ear syringe]|h[realia] /|c[Designed by Oren Day Pomeroy.]
|a[Liston's straight bone cutting forceps]|h[realia] /|c[Designed by Robert Liston]
|aVioletta outfit no. 1|h[realia]
|a[Divider set]|h[realia]
|aTheobald Smith [award]|h[realia]
|a[Hirshman's [sic] anascope]|h[realia] /|c[Designed by Lewis J. Hirschman.]
|aTomac Prep Packet|h[realia]
|a[Spratt mastoid curette]|h[realia] /|c[Designed by Charles Nelson Spratt.]
|a[Cooper's artery needle]|h[realia] /|c[Designed by Sir Astley Cooper.]
|a[Sims' speculum]|h[realia]|c[Designed by J. Marion Sims.]
|a[Compact operating set]|h[realia]
|a[Sims' uterine curette]|h[realia] /|c[Designed by J. Marion Sims.]
"|a[Blow Pipe, G.S.]|h[realia]"
|a[Needle and spud]|h[realia]
|aMurphy type endotracheal tube|h[realia]
|a[Curved on flat scissors]|h[realia]
|a[Coakley antrum trocar and wash tube]|h[realia] /|c[Designed by Cornelius Godfrey Coakley.]
"|a[Counter, laboratory model]|h[realia]"
"|a[Kelly's haemostatic forceps, fine pointed]|h[realia] /|c[Designed by Howard Atwood Kelly.]"
"|a[O'Dwyer's improved intubation set, with Dillon Brown's modified tubes and extractor]|h[realia] /|c[Designed by Joseph O'Dwyer and Dillon Brown]"
|a[Kelley direct vision adenotome]|h[realia]
"|aPilling special stethoscope, Bowles patent|h[realia] /|c[Designed by Robert C. M.  Bowles.]"
"|aMonoject insulin [syringes, disposable]|h[realia]"
"|a[Wocher's aseptible double pocket case, scalpel and straight bistoury]|h[realia]"
|a[Piffard's milium needle]|h[realia] /|c[Designed by Henry G. Piffard.]
|a[Cole's mouth specula]|h[realia]
|a[Metacarpal saw]|h[realia]
|a[PAVEX boot]|h[realia] /|c[Designed by Louis George Herrmann.]
|a[Straight suture needle]|h[realia]
|a[Nasal applicator]|h[realia]
|aMercer oral [thermometer]|h[realia]
|aUSSR Academy of Medical Sciences medal|h[realia]
|a[Luer's tracheotomy tube]|h[realia] /|c[Designed by Armand Trousseau.]
"|a[Circle suture needle with split eye, self threading|h[realia]"
"|aB-D Luer [syringe, eccentric tip]|h[realia]"
|a[Hoffmann's pinchcock]|h[realia]
"|aEder[-Palmer trans-esophagoscopic] gastroscope|h[realia] /|c[Designed by Eddy D. Palmer and Louis Streifeneder, modified by Lionel M. Bernstein.]"
|a[Liston-type amputating catling]|h[realia] /|c[Similar to design by Robert Liston.]
|aCameron omniangle [flexible gastroscope]|h[realia]
|a[Straight surgical needle]|h[realia]
|aA.C.M.I. flexible examining gastroscope|h[realia]
|a[Syringe case]|h[realia]
|a[Tenaculum]|h[realia]
|a[Straight tonsil snare tip]|h[realia]
|a[Leather Tycos case]|h[realia] /|b[for] Dr. Roger's Tycos Sphygmomanometer|c[Designed by Oscar Harrison Rogers.]
"|a[Dieffenbach's scalpel, narrow blade]|h[realia] /|c[Designed by Johann Friedrich Dieffenbach.]"
|aRudolph Virchow medal|h[realia]
|a[Compound binocular microscope|h[realia] :|b[model AA]
|a[Sheppard stethoscope]|h[realia] /|c[Designed by] O.H. Sheppard
|a[Lewkowitz's straight lithotomy forceps]|h[realia]
|a[Lenticular knife]|h[realia]
"|a[Suture needle, flat point, plain eye, full-curved]|h[realia]"
|a[Thermometer case]|h[realia]
|a[Mathieu's needle holder]|h[realia]
|a[Keyes-Ultzmann's urethral syringe]|h[realia] /|c[Designed by Robert Ultzman and Edward Lawrence Keyes.]
"|a[Minor operating bistoury, curved and sharp pointed]|h[realia]"
|a[Lead mallet]|h[realia]
"|a[Mayo's catgut needle, square eye, trocar point, half circle]|h[realia] /|c[Designed by William James Mayo]"
|a[Bosworth's nasal speculum]|h[realia] /|c[Designed by F.H. Bosworth.]
|a[Beck-Schenck's tonsillotome]|h[realia] /|c[Designed by Joseph Clar Beck and W. Edwards Schenck.]
|a[Ivory syringe]|h[realia]
|aThe Dunning Colorimeter|h[realia]
|a[Arnott grooved director]|h[realia] /|c[Designed by James Moncrieff Arnott.]
|a[Hand slit lamp]|h[realia]
|a[Spectacles with w-shaped bridge and cable end]|h[realia]
|a[Needle probe]|h[realia]
|a[Bozeman's tenaculum]|h[realia] /|c[Designed by Nathan G. Bozeman.]
"|a[Septum chisel, Vienna]|h[realia]"
|a[Fergusson's lithotomy staff with lateral groove]|h[realia]
|aGem micromatic|h[realia]
|a[Noyes' cataract knife]|h[realia] /|c[Designed by Henry D. Noyes.]
|aB-D Medical Center [syringe]|h[realia]
|a[Esmarch's tourniquet]|h[realia] /|c[Designed by Johann Friedrich August von Esmarch.]
|a[Collins' vaginal speculum]|h[realia]
|a[Keyes-type perineum needle]|h[realia] /|c[Similar to design by Edward L. Keyes.]
|a[Murphy's plaster paris knife]|h[realia] /|c[Designed by Frank G. Murphy.]
|a[Test tube]|h[realia]
|a[B-R-X interchangeable scalpel blade and handle]|h[realia]
|a[Stem pessary]|h[realia]
|a[Blow pipe]|h[realia]
|aRieger Bowles [chest piece]|h[realia]
|a[Palmer's dilator]|h[realia] /|c[Designed by Chauncey Davis Palmer.]
|a[Sims' nickel-plated rectal speculum]|h[realia] /|c[Designed by James Marion Sims.]
"|a[Porcelain sick feeder, plain white]|h[realia]"
|a[Boldt-type vermiform appendix invaginating probe]|h[realia] /|c[Similar to design by Herman Johannes Boldt.]
|a[Thomas' blunt uterine curette]|h[realia] /|c[Designed by T. Gaillard Thomas.]
|aEder[-Chamberlin model 400] gastroscope|h[realia] /|c[Designed by Loius Streifeneder and Donald T. Chamberlin.]
|a[Wilde's polypus ear snare]|h[realia] /|c[Designed by W.R. Wilde.]
|a[Dr. Mackenzie's ink polygraph]|h[realia] /|c[Designed by Sir James Mackenzie.]
|a[Beck-Schenck's tonsil snare]|h[realia] /|c[Designed by Joseph Clar Beck and W. Edwards Schenck.]
|a[Minor operating knife]|h[realia]
|a[Boettcher's tonsil haemostatic clamp]|h[realia] /|c[Designed by Arthur Boettcher.]
"|a[DeVilbiss atomizer tip, post-nasal]|h[realia]"
|aNIH Scholar in residence medal|h[realia]
|a[Otolaryngology galvano-cautery set]|h[realia]
|a[Van Buren's curved sound]|h[realia] /|c[Designed by Peter Van Buren.]
|a[Graduated measure]|h[realia]
|a[Schwartz' obstetrical forceps]|h[realia]
|a[Little-type all steel pocket case curved probe pointed bistoury]|h[realia]
|a[Medicine dropper]|h[realia]
|a[Foreign body instrument]|h[realia] /|c[Designed by Friedrich Wilhelm Ernst Albrecht von Graefe and John Homer Dix.]
"|a[Surgeon's suture needle, regular, straight, plain eye]|h[realia]"
|aDennison's crepe paper bandage for surgical dressing|h[realia] /|bNo. 21
|a[Hermon Taylor flexible gastroscope]|h[realia] /|c[Designed by Hermon Taylor.]
|a[Taylor's forceps]|h[realia]
|a[Straight dissecting forceps]|h[realia]
|aWhittemore's [automatic vaccinator]|h[realia] /|c[Designed by A. Whittemore.]
|aECT unit|h[realia]
"|a[Chain and hooks, bifurcated]|h[realia]"
|a[Cupping glass]|h[realia]
|a[Liston-type amputating knife|h[realia] /|c[similar to design by Robert Liston.]
"|a[Fleischer stethoscope chest piece]|h[realia] :|b83.9.83, 83.9.84 /|cDesigned by A.W. Fleischer"
|a[Thudichum's improved pattern nasal speculum]|h[realia] /|c[Designed by Johann Wilhelm Thudichum.]
|a[Bruenings' septum cutting forcep]s|h[realia] /|c[Designed by Wilhelm Von Bruenings.]
"|a[Thumb forceps, Gutsch handles]|h[realia]"
|a[Monaural stethoscope]|h[realia]
|a[White silk]|h[realia]
"|a[Jaeger's keratome, angular]|h[realia] /|c[Designed by Freidrich Jaeger.]"
|a[Sim's speculum]|h[realia] /|c[Designed by James Marion Sims.]
|a[Amputation and general operating case]|h[realia]
|a[Cameron sigmoidoscope rectal set]|h[realia]
"|a[Ear probe, double-ended]|h[realia]"
|aTS meter|h[realia]|ba Goldberg refractometer
|a[Vectus]|h[realia]
|a[Scalpel]|h[realia]
|a[Straight vulsellum forceps]|h[realia]
|a[Plain spring lancet]|h[realia]
|a[Wight's-type folding long amputation knife]|h[realia] [Designed by Jarvis Sherman Wight.]
|a[Dissecting probe]|h[realia]
|a[Duplay's nasal speculum]|h[realia] /|c[Designed by Simon Emmanuel Duplay.]
|aHaemacytometer|h[realia]
|a[Lister's half-curved needle]|h[realia] /|c[Designed by Lord Joseph Lister]
"|a[Post mortem needle, curved]|h[realia]"
|a[Old conical crown trephine]|h[realia]
|a[Brun's bone curette]|h[realia]
"|a[Backhaus' towel clamp, small]|h[realia]"
|aThe Howard Taylor Ricketts award|h[realia]
|a[Yankauer's simplex folding mask]|h[realia] /|c[Designed by Sidney Yankauer.]
|aTonometer nach Dr. von Recklinghausen|h[realia]|bMittleres Modell|c[Designed by Heinrich von Recklinghausen]
|a[Plain folding tongue depressor]|h[realia]
|a[Compound monoculor microscope of Continental style]|h[realia]
|a[Roux's antitoxine syringe]|h[realia] /|c[Designed by Paul Emile Pierre Roux.]
|a[Vaughan's sterilizer forceps]|h[realia] /|c[Designed by Warren T. Vaughan.]
|a[King's antrum tube]|h[realia]
|aOrder of the Sacred Treasure|h[realia] :|b[Second Class] /|c[Japan]
|a[Sick Feeder]|h[realia]
|a[Hartman's antrum irrigating tube]|h[realia] /|c[Designed by Arthur Hartmann.]
|a[Thomas' uterine tampon and cupping pump]|h[realia]
"|a[Dressing Forceps, fluted handle]|h[realia]"
|a[Sawtell-type nasal applicator]|h[realia]
|aDaniel Drake medal|h[realia] /|c[University of Cincinnati Medical Center]
|a[Ford's chest piece]|h[realia] / |c[Designed by William F. Ford.]
|aCardinal [razor]|h[realia]
|a[Richard's mastoid curette]|h[realia]
|a[Floyd hypodermic needle sterilizer]|h[realia]
"|aI-saver"" protective goggle|h[realia] /|c[Designed by Anthony Flocker, M.E.]"""
"|a[Bifurcated retractor, blunt, half-curved]|h[realia]"
|aBraided silk|h[realia]
"|a[Brown's tonsil snare, straight tip]|h[realia]"
|a[Laryngeal mirror]|h[realia]
|a[Pinkham's wire speculum]|h[realia] /|c[Designed by J. G. Pinkham.]
|a[Porcelain invalid feeding cup]|h[realia]
|aMedium chromic surgical gut|h[realia]
|a[Aspirating trocar and cannula]|h[realia]
|a[Medicine spoon]|h[realia]
|a[Glass cylinder for Valentine irrigator]|h[realia]
|a[Dean's tonsil forceps]|h[realia] /|c[Designed by Lee Wallace Dean.]
|a[American pattern hook and crochet]|h[realia]
|aSpencer Bright-Line haemacytometer|h[realia] :|bimproved Neubauer /|c[Designed by Harry G. Ott.]
|a[Schweigger's hand perimeter]|h[realia] /|c[Designed by Carl Schweigger.]
|a[Wolf-Schindler flexible gastroscope]|h[realia] /|c[Designed by Georg Wolf and Rudolf Schindler.]
"|a[Elliott's uterine dressing forceps, straight]|h[realia] /|c[Designed by James W. Elliott.]"
|a[Rubber covered metal ring pessary]|h[realia]
|aDr. C. E. Wooding pneumo thorax apparatus|h[realia] /|c[Designed by C. E. Wooding.]
|a[Péan's haemostatic forceps]|h[realia] /|c[Designed by Jules Emile Péan.]
"|a[Surgeon's suture needle, regular, split eye, half-curved]|h[realia]"
|a[Quire's automatic finger]|h[realia]
|a[Uterine hard rubber syringe]|h[realia]
"|a[Bond's placenta forceps, fenestrated]|h[realia] /|c[Designed by Henry Bond.]"
|a[Stokes's [sic] stethoscope with India-rubber ring]|h[realia] /|c[Designed by William Stokes.]
|aGrande Medalha da Inconfidn?cia|h[realia] :|b/
|a[Mohr's pinch-cock]|h[realia]
|a[Graves' vaginal speculum]|h[realia] /|c[Designed by T.W. Graves.]
"|a[Pitha's urethral forceps, straight]|h[realia] /|c[Designed by Franz von Pitha.]"
|a[Epingles rivees]|h[realia]
|a[McDade's serrated irrigating placenta curette]|h[realia]
"|a[Curved bistoury, double-edged]|h[realia]"
|aBurton [desk base illuminator]|h[realia]
|aB-D Yale [glass syringe]|h[realia]
|a[Chisel]|h[realia]
|a[LeFort's dilating sounds]|h[realia] /|c[Designed by Leon C. LeFort.]
|a[Foerster's sponge holding forceps]|h[realia] /|c[Designed by Otfrid Foerster.]
|a[Convex eye scalpel]|h[realia]
|a[Bone elevator]|h[realia]
|a[Amputating knife]|h[realia]
|a[Two-fold case]|h[realia]
|a[Uterine applicator]|h[realia]
|a[Pean's hemostatic forceps]|h[realia] /|c[Designed by Jules Emile Pean.]
|a[Grooved director with tongue tie]|h[realia]
|a[Dieffenbach's straight probe bistoury]|h[realia] /|c[Designed by Johann Friedrich Dieffenbach.]
|a[Sajous-Jarvis-type nasal snare]|h[realia] /|c[Similar to design by Charles Euchariste de Medicis Sajous and William Chapman Jarvis.]
|a[MacEwen-Stille osteotome]|h[realia] /|c[Designed by Sir William MacEwen.]
|a[Rimless spectacles with w-shaped bridge and wire temples]|h[realia]
|a[Fowler's double-end urethral sounds]|h[realia] /|c[Designed by George Ryerson Fowler.]
|a[Ruskin-type antrum trocar]|h[realia] /|c[Similar to design by Simon Lyon Ruskin.]
|a[Haslinger-type combined tracheo-broncho-esophagoscope]|h[realia]
|a[LaForce adenotome]|h[realia] /|c[Designed by Burdette Dudley LaForce.]
|a[Gross' slide catch artery forceps and needle holder]|h[realia] /|c[Designed by Samuel David Gross.]
"|a[Bistoury, curved]|h[realia]"
|a[Flexible throat forceps]|h[realia]
|a[Kelly's tissue forceps]|h[realia] /|c[Designed by Howard Atwood Kelly.]
"|a[Curved bistoury, probe point]|h[realia]"
|aThe new no. 4 D. D. home medical apparatus|h[realia]
"|a[Crile's hemostatic forceps, straight]|h[realia] /|c[Designed by George Washington Crile.]"
|aWilliam Cooper Procter award|h[realia]
|a[Hypodermic syringe set]|h[realia]
|a[Plain curved fever thermometer]|h[realia]
|a[Syringe opener]|h[realia]
|aPresidential medal of freedom|h[realia]
|a[Mathieu-Kersten's needle holder]|h[realia] /|c[Designed by Willem Kersten.]
|a[Crown trephines with guard]|h[realia]
|a[Otis' bougie a boule set]|h[realia] /|c[Designed by Fessenden Otis.]
|a[Spiral placenta curette]|h[realia]
"|a[The New Klett haemometer, American made|h[realia]"
|aB-D multifit [syringe]|h[realia]
|a[Dix's Spud]|h[realia] /|c[Designed by John H. Dix.]
|a[Leonard's plain uterine douche]|h[realia] /|c[Designed by C. Henri Leonard.]
|a[Simpson's graduated sound]|h[realia] /|c[Designed by James Young Simpson.]
|a[Minor operating bistoury]|h[realia]
"|a[Lahey's hemostatic forceps, straight]|h[realia] /|c[Designed by Frank Howard Lahey.]"
|a[Webster's flat point surgical needle]|h[realia]
"|a[Wocher's aseptible double pocket case, curved sharp point bistoury and curved probe point bistoury]|h[realia]"
"|a[Suture needle, regular half circle]|h[realia]"
|aPaul Harris Fellowship Award|h[realia] /|c[awarded by the Rotary Club of Cincinnati.]
"|a[Veterinary needle, half circle]|h[realia]"
|a[Hone]|h[realia]
"|a[Van Buren's sound, curved, two piece]|h[realia] / [Designed by Peter Van Buren.]"
|a[Sims' straight uterine and intra-abdominal scissors]|h[realia] /|c[Designed by J. Marion Sims.]
|a[Sims' pure silver uterine probe]|h[realia] /|c[Designed by J. Marion Sims.]
|a[Petit's spiral tourniquet]|h[realia] /|c[Designed by Jean Louis Petit.]
|a[Bosworth's plain wire nasal speculum]|h[realia] /|c[Designed by Francke Huntington Bosworth.]
|a[Universal handle]|h[realia]
|a[Devil's screw hooks]|h[realia]
|a[Magill endotracheal tube]|h[realia] /|c[Designed by Ivan Whiteside Magill.]
|a[Hair growing machine]|h[realia] /|c[Designed by Andre A. Cueto.]
|a[Skene's medium uterine curette]|h[realia] /|c[Designed by Alexander J.C. Skene.]
|a[Gottstein's adenoid curette]|h[realia] /|c[Designed by Jacob Gottstein.]
"|a[Hagedorn's suture needle, round eye, half circle]|h[realia]|c[Designed by Werner Hagedorn]"
|a[Wood cotton applicators]|h[realia]
|a[Seiler-type nasal speculum]|h[realia] /|c[Similar to Design by Carl Seiler]
|a[Plain probe pointed bistourie]|h[realia]
|a[Emmet's uterine probe]|h[realia] /|c[Designed by Thomas Addis Emmet.]
|a[Gouley's tunneled sound]|h[realia] /|c[Designed by John William Severin Gouley.]
|aSurgeon's x-l-lyte|h[realia]
|a[Surgical adjuster for fractures and dislocations]|h[realia] /|c[Designed by George O. Jarvis.]
|aArmour surgical gut plain|h[realia]
|a[Liston-type amputation knife]|h[realia] /|c[Similar to design by Robert Liston.]
|aMay ophthalmoscope|h[realia] /|c[Designed by Charles Henry May]
|a[Pocket vial case]|h[realia]
|a[Saalfeld's comedone extractor and acne lancet]|h[realia]
|aBard-Parker [surgical knife handle]|h[realia] /|c[Designed by Morgan B. Parker.]
"|a[Asta"" clip forceps for Michael's suture clips]|h[realia]"""
|a[Little's all steel pocket case straight bistoury|h[realia]
"|a[DeVilbiss atomizer, for nose and throat]|h[realia] :|b[No. 16]"
"|a[Holmes-type mastoid curette, oval]|h[realia]"
|a[Fosgate's vibro-scope|h[realia] /|cdesigned by Elmer G. Fosgate.]
|a[Briggs' phimosis forceps]|h[realia] /|c[Designed by James Emmons Briggs.]
|a[Hartman-type antrum irrigating tube]|h[realia] /|c[Similar to Design by Arthur Hartmann.]
"|a[Rimless pince-nez, with c-shaped bridge and fixed nose pad]|h[realia]"
|aSurgeon's silk isinglass plaster|h[realia]
|a[Graduated test glasses]|h[realia]
|a[Mathieu-Simplex tonsillotome]|h[realia]
|a[Hey's skull saw]|h[realia] /|c[Designed by Sir William Hey.]
|a[Miller's speculum]|h[realia] /|c[Designed by Henry Miller.]
|a[Breast cup]|h[realia]
|aMultiple lab. counter|h[realia]
|a[Circle suture needle with regular eye]|h[realia]
|a[Sims' curette]|h[realia] /|c[Designed by J. Marion Sims.]
|a[Souter's tonometer]|h[realia]
|a[Nachet-type set of trial lenses]|h[realia]
|a[Dissecting case]|h[realia]|b[No.4]
|a[Fenestrated slide catch artery forceps and needle holder]|h[realia]
"|a[Curved bistoury, sharp point]|h[realia]"
"|a[Gouley's urethral sound, tunneled, for filiform bougie]|h[realia] /|c[Designed by John William Severin Gouley.]"
|a[Hajek's leather head band]|h[realia] /|c[Designed by Markus Hajek.]
"|a[Eye needle, spring eye, cutting edge, half-curved],|h[realia]"
|aBantam [razor]|h[realia]
|a[Staining rack and tray]|h[realia]
|a[Simpson's-type uterine sound]|h[realia] /|c[Similar to design by Sir James Young Simpson.]
"|a[Surgeon's suture needle, regular, plain eye, full curved]|h[realia]"
|a[Evaporating dish]|h[realia]
|a[Schwabe's gouge]|h[realia]
"|a[Van Buren's sound, curved, one piece]|h[realia] /|c[Designed by Peter Van Buren.]"
"|a[French eye needle, spring eye, taper point]|h[realia]"
|a[Vedder tonsil snare tip]|h[realia]
|a[Reversible trocar]|h[realia]
|a[Microscope stage incubator]|h[realia]
|a[Dark field condenser]|h[realia]
|a[Glass applicator]|h[realia]
|aJames D. Bruce Memorial medal|h[realia]
|a[Liston's amputating catling]|h[realia] /|c[Designed by Robert Liston.]
|a[O' Dwyer's intubation set]|h[realia] /|c[Designed by Joseph O'Dwyer]
|a[Diagnostic set]|h[realia]
|a[Dieffenbach's tenaculum]|h[realia] /|c[Designed by Johann Friedrich Dieffenbach.]
|aFairbanks scale|h[realia]
|aBone surgery set|h[realia]
|aThe Honorable Leo Tolstoy Gold medal|h[realia]
|aVIM [hypodermic needle]|h[realia]
|a[Ermold's needle holder]|h[realia]
|a[Needle case]|h[realia]
|a[Hartmann's steel tongue depressor]|h[realia] /|c[Designed by Arthur Hartmann.]
"|a[Ethridge's artery forceps, french lock]|h[realia] /|c[Designed by James Henry Etheridge.]"
|a[Universal microscope lamp]|h[realia]
"|a[Ear applicator, double-ended]|h[realia]"
|a[Schrötter's head-band]|h[realia] /|c[Designed by Leopold Schrötter.]
|a[General operating scalpel]|h[realia]
|aDr. Molesworth's combined acme dilator and intra uterine syringe|h[realia] /|c[Designed by Dr. W. Molesworth.]
|a[Pean's hemostatic forceps]|h[realia] /|c[Designed by Jules Emile Péan.]
"|a[Pean's hemostatic forceps, modified as needle-holder]|h[realia] /|c[Designed by Jules Péan.]"
|a[Post nasal/throat applicator]|h[realia]
|a[Amputation case]|h[realia]
|a[Measuring spoon]|h[realia]
|a[Hodge's obstetric forceps]|h[realia] /|c[Designed by Hugh Lenox Hodge.]
|aDr. W. Molesworth's cervical straightener|h[realia] /|c[Designed by Dr. W. Molesworth.]
|a[Hard rubber vaginal syringe]|h[realia]
|a[Young's dilator]|h[realia] /|c[Designed by F.E. Young.]
"|a[Folding bistoury, probe-pointed]|h[realia]"
|aDistinguished Service Professor award|h[realia]
|a[Eye dropper set]|h[realia]
"|a[Surgeon's suture needle, split eye, self-threading, full curved]|h[realia]"
|aGlasco small urin[ometer]|h[realia]
"|aBoilable kalmerid catgut, plain|h[realia]"
|a[Cook's-type pile clamp]|h[realia]|c[Similar to design by George Jameson Cook.]
|a[Shede's bone curette]|h[realia]
|a[Audiometer]|h[realia]
|aDr. Wm. J. Kerr's symballophone|h[realia] / |c[Designed by] Wm. J. Kerr
|a[Kirschner wire tractor]|h[realia] / [Designed by Martin Kirscher.]
|a[Safe spout irrigator]|h[realia]
|aThe Dunning colorimeter|h[realia]
|a[Dissecting scissors]|h[realia]
|a[Little's pocket case knife]|h[realia]
"|a[Uterine applicator, triangular end]|h[realia]"
|aAntiphlogistine [applicator knife]|h[realia]
|a[Dissecting and amputation case]|h[realia]
|a[Seamless irrigator]|h[realia]
|a[Stokes' stethoscope]|h[realia] /|c[Designed by William Stokes.]
|aLevis's metallic splint|bposterior elbow|h[realia]
|a[Straight lithotomy forceps]|h[realia]
"|a[Van Buren's sound, curved, two piece]|h[realia] /|c[Designed by Peter Van Buren.]"
|a[Charriere's tourniquet]|h[realia] /|b[Designed by Joseph Frédéric Benoît Charrière.]
|aSuperfine Surgical Needles|h[realia]
|a[Dissecting forceps]|h[realia]
|a[Boilo head mirror with light nickeline back finished in black]|h[realia]
|a[Heurteloup's leech]|h[realia] /|c[Designed by Charles Louis Heurteloup.]
|a[Gruber's ear specula]|h[realia] /|c[Designed by Josef Gruber.]
|a[W.F. Barry-type bone chisel]|h[realia] /|c[Similar to design by William Francis Barry Jr.]
|a[Lifesaver resuscitation tube]|h[realia]
|a[Bellocq's [sic] canula for epistaxsis|h[realia] /|cDesigned by Jean Jacques Belloc.]
|a[Tablet punch pill machine]|h[realia]
|aNew York University gold medal|h[realia]
|aSupreme chuck|h[realia]
|a[Desmarres' lid retractor]|h[realia] /|c[Designed by L.A. Desmarres.]
|a[Compound monocular microscope]|h[realia] :|b[model LS]
|a[Razor]|h[realia]
|a[Grand Collier & Medaille d'Or Prix Hammarskjold]|h[realia] :
|aParresined lace-mesh surgical dressings|h[realia]
|aBenedict flexible operating gastroscope|h[realia] /|c[Designed by Edward B. Benedict.]
|a[Kaltz-type urethral endoscope]|h[realia]
|a[Cammann's ordinary stethoscope]|h[realia]|c[Designed by George P. Cammann.]
|a[Aseptic metal pocket case]|h[realia]
|a[Bruenings' septum cutting forceps]|h[realia] /|c[Designed by Wilhelm Von Bruenings.]
|a[Entocract freezing solution hydrometer with thermometer]|h[realia]
|a[Snare wires]|h[realia]
|a[Little's small scalpel|h[realia]
"|a[Erlenmeyer flask, narrow mouth]|h[realia]"
|a[Otoscope or diagnostoscope]|h[realia]
|a[Charriere's rib shears]|h[realia] /|c[Designed by Joseph Frédéric Benoît Charrière. ]
|a[Straight strabismus forceps]|h[realia]
|a[Cock-up splint]|h[realia]
|aMerito Medico|h[realia]
|a[Yankee red blood pipette]|h[realia]
|a[Kelly's hemostatic forceps]|h[realia] /|c[Designed by Howard A. Kelly.]
"|a[Hegar-Mayo-type needle holder]|h[realia] /|c[Simiar to design by Alfred Hegar, modified by William J. Mayo.]"
"|a[General operating knife, English pattern]|h[realia]"
|a[Hand scale and weights]|h[realia]
|a[Koenig's fish hook curve general operating needle]|h[realia]
|a[Wilde-type ear forceps]|h[realia] /|c[Similar to design by William Robert Wilde.]
|a[Electric DeZeng retinoscope]|h[realia]
"|a[Spectacles, with c-shaped bridge, folding temples, and oval ends]|h[realia]"
|a[Luy's anterior urethroscope]|h[realia] /|c[Designed by Georges Luys.]
|aDai chushaki|h[realia]
|a[Charriere-type capital saw]|h[realia] /|c[Similar to design by Joseph Frédéric Benoît Charrière.]
|aOrder of Carlos J. Finlay|h[realia]
|a[Bond's placenta forceps]|h[realia] /|c[Designed by Henry Bond.]
|a[Murphy endotracheal catheter]|h[realia]
|a[Richter's needle holder]|h[realia]
|a[Penis syringe]|h[realia]
|a[LeFort's dilating sound]|h[realia] /|c[Designed by Leon C. LeFort.]
|a[Wheelchair]|h[realia]
|aCritocaps|h[realia]
|a[Seeker]|h[realia]
"|a[Uterine applicator, roughened]|h[realia]"
"|a[Porcelain feeding cup, boat-shape with spout]|h[realia]"
|a[Fleischer stethoscope diaphragm chest piece]|h[realia] :|b78.12.35 /|cDesigned by A.W. Fleischer
|a[Hey's skull saw]|h[realia] /|c[Designed by William Hey.]
|a[Kimble opticlear speciman vial]|h[realia]
|a[Little lithotomy staff with central groove]|h[realia]
"|a[Rankin's hemostatic forceps, straight]|h[realia] /|c[Designed by Fred Wharton Rankin.]"
|a[Oralite]|h[realia]
|a[Ideal-type sterilizing case]|h[realia]
|a[Ingals' nasal speculum]|h[realia] /|c[Designed by Ephraim Fletcher Ingals.]
|aBrant splint|h[realia] /|c[Designed by Hezekiah W. Brant]
|a[Ointment applicator]|h[realia]
"|aOphthalmoscope, plain (Loring type)|h[realia]"
"|aTubex® syringe, quick-loading, 1 and 2cc size|h[realia]"
|a[Frankel head band]|h[realia] /|c[Designed by Bernhard Frankel.]
|a[Munde-Thomas' anteversion pessary]|h[realia] /|c[Designed by Paul Fortunatus Munde and T. Gaillard Thomas.]
|a[Plain bone chisel]|h[realia]
|a[Universal bone drill]|h[realia]
|a[Brandiger's post nasal cutting forceps]|h[realia]
|a[Trephine brush]|h[realia]
"|a[Surgeon's suture needle, regular, plain eye, half curved]|h[realia]"
|a[Straight bistoury]|h[realia]
"|a[Péan's hemostatic forceps, modified as needle-holder]|h[realia] /|c[Designed by J. Péan.]"
|a[Pyrex beaker]|h[realia]
|a[Collyer pelvimeter]|h[realia] /|c[Designed by Herman Truman Livingston Collyer.]
|a[Pratt's bivalve speculum]|h[realia] /|c[Designed by Edwin Hartley Pratt.]
|aB-D Yale [hypodermic syringe|h[realia] :|b375]
|a[Mathieu's tongue forceps]|h[realia]
"|a[Glass funnel tube, thistle top]|h[realia]"
|aB-D Yale tuberculin [syringe]|h[realia]
|a[Gullstrand loupe]|h[realia]
|a[Freer's half-round bladed straight knife]|h[realia] /|c[Designed by Otto Tiger Freer.]
|a[Denison's stethoscope|h[realia] /|cdesigned by Charles Denison]
|a[Shield for circumcision]|h[realia]
|a[Verhoeff-type lens expressor]|h[realia] /|c[Similar to design by Frederick H. Verhoeff.]
|a[Ear Syringe]|h[realia]
|aSquibb's urinometer|h[realia] /|c[Designed by Edward Robinson Squibb.]
|a[Post nasal applicator]|h[realia]
|aAnacap Silk Eye Sutures|h[realia]
|a[Glass pipette]|h[realia]
|a[Jarvis' single nasal polypus snare]|h[realia] /|c[Designed by William Chapman Jarvis.]
|a[Welch Allyn direct focusing headlight]|h[realia]
"|a[Spiral placenta curette, irrigating]|h[realia]"
|aBley uterector|h[realia]
|a[Leonard's dilating uterine douche]|h[realia] /|c[Designed by C. Henri Leonard.]
|a[Conversation tube]|h[realia]
|a[Twistington Higgins' adenoid curette]|h[realia] /|c[Designed by Twistington Higgins.]
|a[Spectacles with c-shaped bridge and spatula end temples]|h[realia]
|a[Lutz's septal ridge forceps]|h[realia] /|c[Designed by Frank Joseph Lutz.]
|a[Urinometer]|h[realia]
"|aHoffar's Baby Orb"" fever thermometer|h[realia]"""
|a[Holmes post nasal irrigator]|h[realia] /|c[Designed by Edgar Miller Holmes.]
|a[Trephine set]|h[realia]
"|a[Halle-type frontal sinus curette, cupped on convex]|h[realia]"
|aHemolysis applicators|h[realia]
"|a[Hartmann's nasal forceps, long]|h[realia] /|c[Designed by Arthur Hartmann.]"
|a[Deaver's curved on flat operating scissors]|h[realia] /|c[Designed by John B. Deaver.]
|a[Charriere's bow saw]|h[realia] /|c[Designed by Joseph Frédéric Benoît Charrière.]
|a[N.H. Henderson's rectal speculum]|h[realia] /|c[Designed by N.H. Henderson.]
|a[Ayres' laryngeal sponge holder and cotton applicator]|h[realia]
|a[Ideal hypodermic syringe case]|h[realia]
|aThe Post cautery|h[realia]
|a[Hick's patent lens thermometer]|h[realia] /|c[Designed by] J. Hicks
|a[Endotracheal tube]|h[realia]
|a[Trephining case]|h[realia]
|a[Charriere's amputating and operative instrument case ]|h[realia] /|c[Designed by Joseph Frédéric Benoît Charrière.]
"|a[Halsted's mosquito forceps, curved]|h[realia] /|c[Designed by William Halsted.]"
|a[Attachment camera]|h[realia]
|aBard-Parker [handle no.] 3|h[realia] /|cDesigned by Morgan B. Parker.]
|aHare's electric ophthalmoscope|h[realia] /|c[Designed by George R. Hare]
|a[Ring pessary]|h[realia]
"|a[Suture needle, regular point, plain eye, curved]|h[realia]"
|a[Emmet's curved sponge holder]|h[realia] /|c[Designed by Thomas Addis Emmet.]
|a[Leonard's speculum]|h[realia]
"|a[Simpson's obstetric forceps modified by E. P. Davis]|h[realia] /|c[Designed by Sir James Young Simpson, modifed by E. P. Davis.]"
|a[Binaural with hard rubber ear tips]|h[realia]
|a[Keyes-Ultzmann's urethral syringe tube]|h[realia] /|c[Designed by Edward L. Keyes and Robert Ultzmann.]
|a[Uterine dressing forceps]|h[realia]
|aDr. Whitney's uterine elevator|h[realia]
|aUncle Sam kit|h[realia]
"|a[Lister's bandage scissors, angular]|h[realia] /|c[Designed by Baron Joseph Lister.]"
|aOrder of Friendship among peoples|h[realia]
|a[Plain bone gouge]|h[realia]
|a[Schroeder's tenaculum forceps]|h[realia] /|c[Designed by Karl Schroeder.]
|a[Israel's tongue depressor]|h[realia]
|a[Director and Tongue Tie]|h[realia]
"|a[Bistoury, straight]|h[realia]"
|a[Tenotome]|h[realia]
|a[Elevator and raspatory]|h[realia]
|a[Lifting-back metacarpal saw]|h[realia]
|aAsepto® [bulb syringe]|h[realia]
|a[Palmer's bivalve vaginal speculum]|h[realia] /|c[Designed by Chauncey Davis Palmer.]
|a[Cook's pile clamp]|h[realia] /|c[Designed by George Jameson Cook.]
|a[Operating anoscope]|h[realia]
|a[Nott's tri-valve vaginal speculum]|h[realia] /|c[Designed by Josiah Clark Nott.]
"|aThe Cameron surgimold bivalve speculum, medium primipara|h[realia]"
"|a[Cartilage knife, all steel]|h[realia]"
|a[Petit's spiral tourniquet]|h[realia] /|c[Designed by Jean-Louis Petit.]
|a[Tivnen's tonsil forceps]|h[realia] /|c[Designed by Richard Joseph Tivnen.]
|a[Roberts' nasal cotton applicator]|h[realia]
|a[Ballenger's swivel septum knife]|h[realia] /|c[Designed by William Lincoln Ballenger.]
|a[Hunter's uterine sound]|h[realia] /|c[Designed by James Bradbridge Hunter.]
|a[Pap boat]|h[realia]
|a[Little-type all steel pocket case straight bistoury]|h[realia]
|a[Bone holding forceps]|h[realia]
|a[Velpeau's bone cutting forceps]|h[realia] /|c[Designed by Alfred Velpeau.]
|a[Troemner's horn pan scale and prescription weights]|h[realia]
|aThe Robert Koch Medal|h[realia]
|a[Little-type all steel pocket case curved sharp pointed bistoury]|h[realia]
|aHowe [scale]|h[realia]
|a[Artery forceps]|h[realia]
|a[Cedar stethoscope]|h[realia]
|a[Leonard-type uterine dressing forceps]|h[realia] /|c[Similar to design by C. Henri Leonard.]
"|aLegion of merit|h[realia] / designed by Col. Townsend Heard |aHeard, Townsend, Colonel, US Army"
|a[Skene-type combination set irrigating uterine curettes]|h[realia] /|c[Similar to design by Alexander J.C. Skene.]
|a[Smellie's perforator]|h[realia] /|c[Designed by William Smellie.]
|aEndotracheal tube with Murphy eye|h[realia]
|a[Folding lorgnette]|h[realia] /|c[Designed by R. Bretell Bate.]
|a[Bosworth's tongue depressor]|h[realia] /|c[Designed by Frank Huntington Bosworth.]
|a[Wilson screw-barrel microscope]|h[realia]
|a[Snoften's chest piece]|h[realia]
|a[Brown's cocainizing syringe]|h[realia]
|a[Dressing forceps]|h[realia]
|aParresine|bA Protective dressing|h[realia]
|aOctagonal cover glasses for single and double hemacytometers|h[realia]
"|a[Satterlee's-type aseptic capital saw, separable],|h[realia] /|c[similar to design by Richard S. Satterlee.]"
|a[O'Dwyer's intubation set]|h[realia] /|c[Designed by Joseph O' Dwyer.]
"|a[Anesthesia machine, Texas model]|h[realia] /|c[Designed by Ralph Milton Waters.]"
|a[Head mirror]|h[realia]
|a[Foreign body eye forceps]|h[realia]
|a[Yankauer's ether inhaler]|h[realia] /|c[Designed by Sidney Yankauer.]
|a[Trephining elevator and raspatory]|h[realia] /|c[Designed by]
|aRoyal Society of Health [medal]|h[realia]
|a[Esmarch's inhaler with dropping bottle]|h[realia] /|c[Designed by Johann Friedrich August von Esmarch.]
|a[Bellfield's retractor]|h[realia]
|a[Ewald's plain wire lid retractor]|h[realia]
|a[Stylet and pilot wheel for Brown's tonsil snare]|h[realia]
|a[Metal Le Fort sound]|h[realia] /|c[Designed by Léon C. Le Fort.]
|a[Harvey's uterine dressing forceps]|h[realia]
"|a[Glass syringe, female]|h[realia]"
|a[Bard-Parker knife blade]|h[realia] :|b[no. 11]
"|a[Caine-McDermott ether vapor tube, improved]|h[realia]"
|a[Cammann's stethoscope with spiral spring]|h[realia] /|c[designed by George P. Cammann.]
|aBurton pipette shaker|h[realia]
"|a[Point-o-light"" retinoscope|h[realia] :|b380]"""
|a[Meyerhoeffer's chalazion curette]|h[realia] /|c[Designed by]
|a[Gossman's CO2 ice crayon forming instrument]|h[realia]
|a[Hartmann's nasal dressing forceps]|h[realia] /|c[Designed by Arthur Hartmann.]
|a[Pile galvanocaustique de Trouvé]|h[realia]
|a[Emesis basin]|h[realia]
|a[Guthrie's fixation hook]|h[realia]
|a[Graves vaginal speculum]|h[realia] /|c[Designed by T.W. Graves.]
"|a[Plain operating knife, English pattern]|h[realia]"
|aRauh surface pyrometer|h[realia]
"|a[Laryngeal syringe tube, curved]|h[realia]"
"|aBaumanometer, Kompak Model|h[realia] /|c[Designed by William Anthony Baum]"
|aThe Jones motor basal|h[realia]|c[Designed by Horry M. Jones.]
"|a[Saxon's dropping bottle, graduated]|h[realia]"
|a[Tyding's tonsil forceps]|h[realia]
|aEder-Hufford esophagoscope|h[realia] /|c[Designed by A. Ray Hufford and Louis Streifeneder.]
|a[Moore's mixing and sterilizing spoon]|h[realia]
|a[Tyrell's blunt iris hook]|h[realia]
|a[Welch Allyn mirror type ophthalmoscope]|h[realia]
"|a[Pince-nez, with C-shaped bridge and hoop spring]|h[realia]"
|a[Ballenger-Foster's septum cutting forceps]|h[realia] /|c[Designed by John Huskins Foster and William Lincoln Ballenger.]
|aDistinguished Civilian Service medal|h[realia]
|a[Steel bivalve speculum]|h[realia]
|a[Neugebauer's specula]|h[realia] /|c[Designed by L.A. Neugebauer.]
|a[Lister's bandage scissors]|h[realia] /|c[Designed by Baron Joseph Lister.]
|a[Brown's tonsil snare]|h[realia]
|a[Kelly's placenta forceps]|h[realia] /|c[Designed by Howard A. Kelly.]
|aThe John Howland Medal|h[realia]
|a[Wecker's angular keratotomy knife]|h[realia] /|c[Designed by Louis de Wecker.]
|a[Trocar with snap cannula]|h[realia]
|a[Grooved director with probe end and tongue tie]|h[realia]
"|a[Halsted's mosquito forceps, straight]|h[realia] /|c[Designed by William Halsted.]"
|a[Catheter cylinder]|h[realia]
|a[Liston's amputating knife]|h[realia] /|c[Designed by Robert Liston.]
|a[Bow saw]|h[realia]
|a[Minor operating scalpel]|h[realia]
|a[Foerster's curved sponge holding forceps]|h[realia] /|c[Designed by Otfrid Foerster.]
|aRuddock peritoneoscope|h[realia] :|b[with McCarthy foroblique visual system] /|c[designed by] John C. Ruddock
|a[Eustachian catheter]|h[realia]
|a[Pocket medicine case]|h[realia]
"|a[Surgeon's suture needle, regular, plain eye, half circle]|h[realia]"
|a[B-D pocket syringe sterilizer outfit]|h[realia]
|aB-D Yale [blue plunger] insulin [syringe]|h[realia]
|a[Plastic dressing forceps]|h[realia]
|aMagneprobe|h[realia]
|aWalter Reed Medal|h[realia]
|a[Plain catheter]|h[realia]
|a[Panzer's gallbladder scissors]|h[realia]
|a[Freer's half round-bladed straight knife]|h[realia] /|c[Designed by Otto Tiger Freer.]
"|a[Chain and hooks, triple]|h[realia]"
|a[Liston's bone forceps]|h[realia] /|c[Designed by Robert Liston.]
"|a[Volkmann bone curette, oval]|h[realia] /|c[Designed by Richard von Volkmann.]"
|a[Michel wound clips]|h[realia] /|c[Designed by Gaston M. Michel.]
"|aBlood lancet, automatic spring release]|h[realia]"
|a[Dark field illuminator with built-in light source]|h[realia]
|a[Langstaff's uterine curette]|h[realia]
|a[Southey's anasarca trocar with cannula]|h[realia]
"|aNeedle protector tubes, glass|h[realia]"
"|a[Surgeon's suture needle, split-eye, self-threading, straight]|h[realia]"
|a[Plain spring lancet set]|h[realia]
|aElliott's patent [saddle bags]|h[realia]
"|a[Skene's irrigating spoon, uterine curette]|h[realia] /|c[Designed by Alexander J.C. Skene.]"
"|a[Square file, knife type]|h[realia]"
|a[Graefe's straight linear cataract knife]|h[realia] /|c[Designed by Friedrich Wilhelm Ernst Albrecht von Graefe.]
|a[Michel's improved clip forceps for applying and removing suture clips]|h[realia] /|c[Designed by Gaston M. Michel.]
|aLuer B-D syringe|h[realia]
|a[Test tube rack]|h[realia]
|a[Jaeger's angular keratome]|h[realia] /|c[Designed by Friedrich Jaeger.]
|a[Flint's percussor]|h[realia] /|c[Designed by Austin Flint.]
"|a[Minor operating knife, Weiss pattern]|h[realia]"
|a[Squibb-type diabetic urinometer]|h[realia] /|c[Similar to design by Edward Robinson Squibb.]
|a[Bone cutting forceps]|h[realia]
|a[Trephining elevator and raspatory]|h[realia]
|aHochfrequenz-Apparate|h[realia]
"|a[Van Buren's sound, curved, double taper]|h[realia] /|c[Designed by Peter Van Buren.]"
|a[Elliott's obstetrical forceps]|h[realia] /|c[Designed by James W. Elliott.]
"|a[Dieffenbach's scalpel, regular blade]|h[realia] /|c[Designed by Johann Friedrich Dieffenbach.]"
|a[Cystotome]|h[realia]
|a[Sonnenschein nasal speculum]|h[realia] /|c[Designed by Robert Sonnenschein.]
"|a[Empire syringe, metal pipes]|h[realia]"
|a[Metal syringe case]|h[realia]
|a[Thomas' retroversion pessary with cervical rest]|h[realia] /|c[Designed by Theodore Gaillard Thomas.]
|a[Ethridge's needle holder]|h[realia] /|c[Designed by James Henry Ethridge.]
|a[Aspirating needle]|h[realia]
|a[O'Dwyer's intubation set]|h[realia] /|c[Designed by Joseph O'Dwyer.]
"|a[Minor operating bistoury, curved and probe pointed]|h[realia]"
|a[Busch-type hook and crochet]|h[realia] /|c[Similar to design by Dietrich Wilhelm Heinrich Busch.]
|a[Trephine]|h[realia]
