"|aProof Press /|c College of Design Architecture and Art University of Cincinnati. |aLevy, Paul"
|aTransactions of the Society of Automotive Engineers |aSociety of Automotive Engineers
"|aGermania :|ba fortnightly journal for the study of the German language and literature |aGermania (Manchester, N.H.)"
|aOffice and telephone directory |aUniversity of Cincinnati
|aReport /|cSociety for the History of the Germans in Maryland |aSociety for the History of the Germans in Maryland
|aCincinnati alumnus
"|aFreiheit.|n25. Jahrg., No. 52 (Dec. 26, 1903)|h[microform] |aFreiheit (New York, N.Y.).|n25. Jahrg., No. 52 (Dec. 26, 1903)"
|aWöchentliche Unterhaltungen
|aModelli d'arte decorativa
|aCommentarii Academiae scientiarum imperialis Petropolitanae |aAkademi?i?a nauk SSSR
|aCoranto
"|aCourier - United Nations Educational, Scientific and Cultural Organization |aUnesco"
"|aKatholischer Glaubensbote |aKatholischer Glaubensbote (Louisville, Ky.)"
|aLegal requirements for business records newsletter :|bguide to records retention and recordkeeping requirements
|aJournal des débats et des décrets |aJournal des débats et des décrets (1795)
|aProgramme |aUniversity of Cincinnati
"|aFan |aFan (New York, N.Y.)"
|aYearbook /|cMiniature Book Society |aMiniature Book Society
|aBox score book.|pAmerican League
"|aSolidarität =|bSolidarity |aSolidarität (New York, N.Y.)"
|aPorcupine's political censor
"|aEvangelical messenger |aEvangelical messenger (Cleveland, Ohio)"
|aDeutsch-amerikanische Geschichtsblätter. /|cDeutsch-amerikanische historischen Gesellschaft von Illinois
|aThe Rehearsal
"|aThe Western horticultural review :|bdevoted to horticulture, pomology, grape culture, wine manufacture, rural architecture, landscape gardening, entomology, meteorology, etc"
|aThe Correspondent
|aCincinnati bearcats men's soccer media guide
|aEducational science :|ba digest of current thought on education
|aA Volume of records relating to the early history of Boston :|bcontaining miscellaneous papers |aBoston (Mass.).|bRegistry Department
"|aThe Critical review, or, Annals of literature"
"|aWochenberichte des Deutschen Sprachvereins (Zweig New York), später von New York . |aAllgemeiner Deutscher Sprachverein.|bZweig New York"
"|aGraduate faculty advisers on research contract or fellowship programs in engineering, mathematics, and physics: education, experience, research fields of special interest, publications |aUniversity of Cincinnati.|bGraduate Co-operative Program"
|aCincinnati bearcats women's tennis
|aBulletin |aOhio Indian Relic Collectors Society
|aBritish speeches of the day
|aMarylandische teutsche Zeitung|h[microform]
"|aSynodal-Bericht des Nebraska-Distrikts der deutschen evang.-luth. Synode von Missouri, Ohio und anderen Staaten |aDeutsche Evangelisch-Lutherische Synode von Missouri, Ohio und Andern Staaten.|bNebraska-Distrikt |aConvention proceedings"
"|aJournal of the Council of the Territory of Kansas, at their ... session |aKansas.|bLegislature.|bCouncil"
|aDas Buch der Welt
"|aDie Fackel.|nJahrg. 1, [T. 1,], no.11-Jahrg.2, no. 22;  Jahrg. 5|h[microform] |aFackel (Baltimore, Md.)"
|aRecord book |aInternational League of Professional Baseball Clubs
|aIrish book lover
|aSaturday review of literature
|aThe Courier
"|aThe North Briton /|cBy John Wilkes, esq., C. Churchhill, and others"
|aDer Reggeboge.|bThe Rainbow
|aNational Endowment for the Humanities ... annual report |aNational Endowment for the Humanities
|aJahrbuch der Königlichen Sternwarte bei München für .
|aDenkschriften der Gesamtakademie /|cÖsterreichische Akademie der Wissenschaften |aÖsterreichische Akademie der Wissenschaften
|aDeutsche amerikanische Dichtung;|bunter mitwirkung der hervorragendsten deutschen Dichter und Schriftsteller Amerikas
|aAnnual catalogue.. |aUniversity of Cincinnati
|aDie Deutschen in Amerika :|bFest-Schrift zum Deutschen Tage in Chicago
|aDas Magazin für Literatur
|aInternational prints |aCincinnati Art Museum
|aOverland monthly and Out west magazine
|aMichigan heritage
|aTeangadóir
|aUniversity of Cincinnati law review |aUniversity of Cincinnati.|bCollege of Law
|aCanadiana Germanica
|aDeutsch-amerikanischer Jugendfreund.  [|cIllustrirte zeitschrift zur unterhaltung und belehrung der deutschen jugend Amerika's und für den familienkreis. Hrsg. unter mitwirkung mehrerer mitglieder des Deutsch-amerikanischen Lehrerbundes von M. Tiling]
|aSociale republik|h[microform]
"|aProposed five year capital improvement program ... Cincinnati, Ohio /|cprepared by the Administration for the City Capital Improvement Program |aCincinnati (Ohio).|bCity Manager's Office"
|aAnnual report |aCarl Schurz Memorial Foundation
|aThe Ohio archivist /|cthe Society of Ohio Archivists |aOhio archivist (1987)
|aReport .. |aPeabody Museum of Archaeology and Ethnology
|aAnnual report |aUniversity of Cincinnati.|bMedical Center.|bCincinnati General Hospital
|aAppletons' general guide to the United States and Canada ..
|aUC this week
|aArgentinischer Volkskalender
|aWeekly report |aCincinnati (Ohio).|bBoard of Health
|aThe new collegian;|bofficial freshman week publication of the University of Cincinnati
"|aDie Fackel.|nJahrg. 4, , no.1-26, Jahrg. 5, no.14-42, Jahrg. 6-14|h[microform] |aFackel (Baltimore, Md.)"
|aArte y decoración en España :|barquitectura-arte decorativo
|aCity lights journal
|aAgreement between University of Cincinnati and District 925/SEIU
|a[Programs |aUniversity of Cincinnati.|bCollege-Conservatory of Music
|aUniversal asylum and Columbian magazine
|aNew Ulm Minnesota ... visitor's guide /|cThe [New Ulm] Journal
"|aNord Amerika|h[microform] :|bherausgegeben zum Besten des St. Vincenz-Waisenhaus in Tachony bei Philadelphia, |aNord America (Philadelphia, Pa. : weekly)"
"|aAlumni directory /|cUniversity of Cincinnati, College of Law |aUniversity of Cincinnati.|bCollege of Law"
|aDer General-Postbothe an die deutsche Nation in Amerika|h[microform]
|aSymphonial |aCollege of Music of Cincinnati
|aNeue Bibliothek der schönen Wissenschaften und der freyen Künste
|aLeigh Hunt's London journal and the printing machine
|aPamphlet |aCincinnati Bureau of Governmental Research
"|aJournal für Buchdruckerkunst, Schriftgiesserei und die verwandten Fächer /|cbegründet von Dr. Heinrich Meyer"
|aTransactions and reports of the Nebraska State Historical Society |aNebraska State Historical Society
|aTeachers College record
|aDeutsches Volksecho|h[microform]
|aContributions to the Historical Society of Montana
|aProspectus |aCollege of Music of Cincinnati
|aMARC for archives and manuscripts :|bthe AMC format
"|a'S Pennsylfawnisch Deitsch Eck :|bdevoted to the literature, lore and history of the Pennsylvania Germans"
"|aLe Pour et contre;|bouvrage périodique d'un goût nouveau.|cDans lequel on s'explique librement sur tout ce qui peut intéresser la curiosité du public, en matiere de sciences, d'arts, de livres, d'auteurs, &c. sans prendre aucun parti, & sans offenser personne .."
|aPatriotisches Archiv für Deutschland
|aCincinnati
|aAlumni directory /|cthe Cincinnati College of Pharmacy |aCincinnati College of Pharmacy
|aThe Mountain Lake reader :|bMLR
|aAmerikanischer Turner-Kalender
|aHarper's bazar
"|aMeyer's Monats-Hefte :|bdeutsche-amerikanische Zeitschrift für Literatur, Kunst und Gesellschaft |aMeyer's Monats-Hefte (New York, N.Y.)"
|aDer Odd-fellow :|bein Organ des Unabhängigen Ordens der Sonderbaren Brüder
|aJahresbericht ... /|cAtlantik-Brücke e.V |aAtlantik-Brücke
|aThe Librarian |aLibrarian (1808)
"|aInsight :|ba course-instructor evaluation /|cprepared under the auspices of the Arts and Sciences Tribunal of the College of Arts and Sciences, University of Cincinnati"
|aNordamerikanische Wochen-Post
|aGreater Cincinnati close-up
|aThe Millcreek Valley news
|aCincinnati bearcats swimming & diving
|aLyra |aLyra (Cincinnati : 1897)
|aFinancial report of the University of Cincinnati for the ten months ended June 30 |aUniversity of Cincinnati
|aPolitics for the people
"|aL'Opinion du parterre, ou Censure des acteurs, auteurs et spectateurs du théatre français /|cpar M. Clément Courtois"
"|aAncient Ireland :|ba weekly magazine established for the purpose of reviving the cultivation of the Irish language, and originating an earnest investigation into the ancient history of Ireland ."
|aAudience :|ba quarterly review of literature and the arts |aAudience (1955)
"|aReport on Canadian archives /|cby Douglas Brymner, Archivist |aPublic Archives of Canada"
|aDer Greis |a[1. Aufl.]
"|aThe Breweriana collector :|bjournal of the National Association of Brewerania Advertising, NABA"
"|aKindergarten circular /|cDepartment of the Interior, Bureau of Education"
|aAnnual report /|cCincinnati Art Museum |aCincinnati Museum Association
"|aThe New Horizon;|cofficial organ of the New Era Club, published monthly at the University of Cincinnati"
"|aDie Horen,|beine Monatsschrift /|chrsg. von Schiller"
|aSharps and flats
|aKalender-Jahrbuch der Neu-Braunfelser Zeitung fuer .
|aDiario de los literatos de España
|aO'Fallon Hausfreund
|aGraduate research journal
"|aWar sketches and incidents|cas related by companions of the Iowa commandery, Military order of the loyal legion of the United States |aMilitary Order of the Loyal Legion of the United States.|bIowa Commandery"
|aLeaflet - Department of Indian Art |aDenver Art Museum.|bDept. of Indian Art
|aAnnual report |aCincinnati Water Works
|aAlumni directory /|cUniversity of Cincinnati Clermont College |aUniversity of Cincinnati Clermont College
|aPrinters' ink monthly
|aYear book |aCollege of Music of Cincinnati
|aLahrer hinkende Bote
|aThe Minneapolis review of baseball
|aCincinnati bearcats cross country
|aThe Cincinnati student
|aThe Tech /|cpublished monthly by the students of the Technical School of Cincinnati |aTechnical School of Cincinnati
"|aMonthly chronicle of interesting and useful knowledge,|bembracing education, internal improvements, and the arts. With notices of general literature and passing events.|cEd. by Edward D. Mansfield"
|aAn t-Europas :|birislea?ar il-teanga? na Heuropa
"|aThe Annual register, or, A view of the history, politics, and literature for the year .."
|aAus Politik und Zeitgeschichte
|aManila free Philippines
"|aReport of Commission on the Affairs of the Narragansett Indians, made to the General Assembly, at its January session .. |aRhode Island.|bCommission on the Affairs of the Narragansett Indians"
|aThe Monthly criterion :|ba literary review
|aBelatrasco
|aPublications of the Kansas State Historical Society
|aThe Penny magazine of the Society for the Diffusion of Useful Knowledge
"|aOlympic Games 1936 /|cofficial publication of the Publicity Commission for the XI. Olympic Games, Berlin 1936, and for the IV. Olympic Winter Games, Garmish-Partenkirchen"
|aAmerican journal of forestry
|aInternationale Bibliothek
"|aLouisville Anzeiger |aLouisville Anzeiger (Louisville, Ky.)"
|aSocial service directory of Cincinnati and Hamilton County .
"|aThe Mechanic's weekly journal, or, Artisan's miscellany of inventions experiments, projects and improvements in the useful arts"
|aThe Literary souvenir
"|aLe Point du jour,|bou, Résultat de ce qui s'est passé la veille à l'Assemblée nationale.|cContenant  ce qui s'y est passé de plus intéressant depuis le 17 juin 1789...jusqu'au 1 oct. 1791"
|aBaseball history |aBaseball history (Annual)
"|aThe beaver|h[microform] |aBeaver (Winnipeg, Man.)"
|aDer illustrirte cincinnatier hinkende Bote
|aQuarterly - The Museum of the Fur Trade |aMuseum of the Fur Trade
|aNew-Yorker Journal
|aCytogenetics
|aThe codetta of the Cincinnati Conservatory of Music |aCincinnati Conservatory of Music
|aMinutes of the ... annual meeting |aUnited Daughters of the Confederacy
|aKriegsbücherei der deutschen Jugend
"|aDie Biene|h[microform] :|bein unabhängiges Arbeiter-Organ im Interesse des industriellen Congresses der Ver.St |aBiene (Cleveland, Ohio : 1873 : Triweekly)"
|aDeutsche volks-blätter
|aOhio Valley historical series
|aCincinnati Judaica review
|aIC master
|aUniversity of Cincinnati capital budget for approval for fiscal year |aUniversity of Cincinnati
"|aZeitgeist|h[microform] |aZeitgeist (New York, N.Y.)"
"|aThe Atlantic |aAtlantic (Boston, Mass. : 1981)"
|aThe gem ;|ba token of affection for      
|aCincinnati Republikaner|h[microform]
|aDie Schule des Volks
"|aJahrbuch |aLiterarischer Verein, Inc"
|aGermania Kalender
|aThe general catalogue of Jacobson & Co. .. |aJacobson & Company
|aPhillies yearbook |aPhiladelphia Phillies (Baseball team)
"|aSocial register, Cleveland"
|aCincinnati public schools;|bdirectory |aCincinnati Teachers' Association
|aUniversity of Cincinnati ... basketball media guide
|aReport of the Commissioner of Indian Affairs |aUnited States.|bOffice of Indian Affairs
"|aIndex-catalogue of the Library of the Surgeon-General's Office, United States Army.|pAuthors and subjects |aLibrary of the Surgeon-General's Office (U.S.)"
|aAnnual report |aUniversity of Cincinnati.|bLibraries
|aDeutschamerikanisches Kulturblatt
|aDer Blumenbaum /|cSacramento German Genealogy Society
"|aLincoln Bären-Wisch |aTurnverein Lincoln (Chicago, Ill.)"
|aDeutsche Geschichtsforschung fuer Missouri =|bGerman historical researches of Missouri
|aThe Western academician and journal of education and science
|aUniversity of Cincinnati telephone directory
|aJahresbericht der Deutschen Gesellschaft der Stadt New York |aGerman Society of the City of New York
"|aProgram budget, City of Cincinnati /|crecommended by City Manager |aCincinnati (Ohio).|bCity Manager's Office"
|aAnnual report of the Board of Regents of the Smithsonian Institution |aSmithsonian Institution.|bBoard of Regents
|aThe McMicken review
|aTransactions of the Kansas State Historical Society |aKansas State Historical Society
|aReport of the Vice President in charge of Business Administration for the fiscal year ended December 31 |aUniversity of Cincinnati
|aIGHS newsletter
|aThe Sport Americana baseball address list
|aAbstracts:|bmaster of education theses |aUniversity of Cincinnati.|bTeachers College
"|aDeutsch-Amerika |aDeutsch-Amerika (Milwaukee, Wis.)"
|aCobbett's two-penny trash
"|aOktoberfest |aGermania Society (Cincinnati, Ohio)"
|aMilwaukee-Sonntagspost|h[microform] |aMilwaukee-Sonntagspost (Milwaukee : 1906)
|aFreidenker
|aLutherisches Kinder- und Jugendblatt
|aThe Caledonian mercury
"|aWächter und Anzeiger |aWächter und Anzeiger (Cleveland, Ohio : Daily)"
"|aNine |aNine (London, England)"
|aNovellen-Schatz
"|aLa Feuille villageoise :|badressée, chaque semaine, a tous les villages de la France, pour les instruire des lois, des evénemens, des découvertes qui intéressent tout citoyen : proposée par souscription aux propriétaires, fermiers, pasteurs, habitans et amis des campagnes"
|aAgricultural almanac for the year of our Lord ... :|barranged after the system of the German calendars ..
|aThe Candid Campus
"|aNews notes and recent accessions /|cUniversity Library, University of Cincinnati"
|aUniversity of Cincinnati record |aUniversity of Cincinnati
|aPennsylvania German Folklore Society :|b[yearbook] |aPennsylvania German Folklore Society
|aKatholischer Kalender für Zeit und Ewigkeit für das Jahr .
|aMcMicken magazine
"|aThe courier /|cUnesco |aCourier (Paris, France : 1984)"
|aCurriculum development Cincinnati public schools
|aOffizielle Kriegs-Chronik :|bDie Depeschen des Generalstabs
|aThe Amicus journal
|aIllustrated business directory and picturesque Cincinnati
|aNovi commentari Academiae scientiarum imperialis petropolitanae |aAkademi?i?a nauk SSSR
|aEvangelisch-Lutherisches Schulblatt :|bMonatsschrift fur? Erziehung und Unterricht
"|aThe Christ Hospital bulletin |aChrist Hospital (Cincinnati, Ohio)"
|aThe Yellow book;|ban illustrated quarterly
|aAlumni directory |aMcMicken College of Arts and Sciences
"|aClifton's Open Door |aAcademy of the Sacred Heart (Cincinnati, Ohio)"
|aOAG business travel planner :|bthe official guide to lodging and travel related services |aNorth American ed
|aAnnual report to the Council of the city of Cincinnati |aCincinnati (Ohio).|bBoard of Trustees of the Sinking Fund
"|aNew-Yorker Staats-Zeitung|h[microform] |aNew-Yorker Staats-Zeitung (New York, N.Y. : Weekly)"
|aReflexion
|aWho's who in the major leagues
|aNews notes from the library
|aThe Cooperstown review /|cedited by Paul Adomites
"|aSammlung astronomischer Abhandlungen, Beobachtungen und Nachrichten"
"|aVoice of freedom =|bDas Freie Wort |aVoice of freedom (Milwaukee, Wis.)"
|aThe yearbook of English 15.|bA collection of manuscript from the copy submitted by members of the class in advanced composition . |aUniversity of Cincinnati.|bDept. of English
|aReport |aLake Mohonk Conference on the Indian
|aLifeline
|aMinor league history journal /|cSociety for American Baseball Research
|aNewsletter /|cAmerican/Schleswig-Holstein Heritage Society |aNewsletter (American/Schleswig-Holstein Heritage Society)
"|aS. Zickel's deutsch-amerikanische volks-bibliothek :|benthaltend romane, novellen und erzählungen der beliebtesten schriftsteller des in- und auslandes"
|aAnnual housing report |aCincinnati (Ohio).|bDept. of Urban Development
|aBridge men's magazine
|aProfile |aProfile (Heidelberg)
"|aWestliche Blätter|h[microform] |aWestliche Blätter (Cincinnati, Ohio : 1865)"
"|aProspectus :|ba journal of graduate scholarship, commentary and  poetry |aProspectus (Cincinnati, Ohio)"
|aNeue Teutsche Merkur
|aCincinnati bearcats rowing
|aMichigan historical collections /|cMichigan Historical Commission
|aFrank Leslie's illustrirte Zeitung
"|aKalender der Illinois Staats-Zeitung, Freie Presse, Abend Presse, Westen und Daheim für das Jahr ."
|a[Pamphlets] |aLoyal Publication Society of New York
|aLämmer-Weide
"|aThe biographical annals of Ohio,|bA handbook of the government and institutions of the state of Ohio.|cComp. under authority ... by ... clerk of the Senate ... [and] clerk of the House ... General assembly"
"|aThe Observator in dialogue.|cBy Sir Roger L'Estrange |aL'Estrange, Roger,|cSir,|d1616-1704"
|aBlätter und Blüten
|aThe English catalogue of books;|bbooks issued in the United Kingdom of Great Britain and Ireland
|aSendbote des göttlichen Herzens Jesu
"|aFliegende Blätter|h[microform] |aFliegende Blätter (Cincinnati, Ohio)"
|aThe German-American bulletin =|bDeutsch-Amerikanischer Bulletin
|aThe University
"|aL'illustration :|bjournal universel |aIllustration (Paris, France)"
|aDruiden-Hain
|aBarron's national business and financial weekly
|aLes Actes des apôtres
|aBulletin /|cGerman Genealogical Society of America |aBulletin (German Genealogical Society of America)
"|aDer Deutsch-Amerikaner |aDeutsch-Amerikaner (Chicago, Ill.)"
|aThe American antiquarian and Oriental journal
|aCincinnati Bearcats ... football prospectus |aUniversity of Cincinnati
|aAnnual report |aCincinnati (Ohio).|bDepartment of Public Works
"|aThe East high annual |aEast High School (Cincinnati, Ohio)"
|aLegal requirements for business records|h[electronic resource] :|bthe electronic edition /|c[compiled and edited by Donald S. Skupsky]
"|aFreidenker|h[microform] |aFreidenker (Milwaukee, Wis. : 1880)"
|aThe American bibliopolist
"|aFigaro :|bHalbmonatschrift für Geist- und Körperkultur |aFigaro (Berlin, Germany)"
|aAmerikanisch-Deutsche Union
|aZozimus
|aLessing yearbook
|aThe American German Union
|aConference USA football yearbook /|cConference USA |aConference USA
"|aNeues Journal zur Litteratur und Kunstgeschichte,|bvon Christoph Gottlieb von Murr |aMurr, Christoph Gottlieb von,|d1733-1811"
|aDeutsches Dichten in Amerika /|cherausgegeben von Martin Schütze
|aLeuchtkugeln
|aAnnual report |aOhio.|bBoard of Canal Commissioners
|aMemoirs of the Museum of Comparative Zoology at Harvard College |aHarvard University.|bMuseum of Comparative Zoology
"|aThe Albion, or, British, colonial, and foreign weekly gazette"
|aDer reine Tor :|bZeitschrift für Literatur und Schwarzweisskunst /|cherausgegeben von Erich Posselt
|aDie Fackel|h[microform] |aFackel (Chicago : 1879)
"|aCollege of Engineering and Commerce,|bSchool of Applied Arts|c[Folder of information and views] |aUniversity of Cincinnati.|bCollege of Engineering and Commerce"
"|aThe general magazine and impartial review. :|bincluding a history of the present times, and an account of new publications. interspersed with original and selected tales, essays, biography, poetry, &c. &c. &c. with a monthly chronicle of events"
"|aThe Western journal and civilian :|bdevoted to agriculture, manufactures, mechanic arts, internal improvement, commerce, public policy, and polite literature"
|aPalatine heritage :|bnewsletter of the Ohio Chapter Palatines to America |aPalatines to America (Society).|bOhio Chapter
"|aActa sanctorvm quotquot toto orbe coluntur, vel a Catholicis scriptoribus celebrantur, quae ex Latinis & Graecis, aliarumque gentium antiquis monumentis collegit, digessit, notis illustrauit Ioannes Bollandvs ... seruatâ primigeniâ scriptorum phrasi. Operam et stvdivm contvlit Godefridvs Henschenivs .. |aActa sanctorum"
|aProduct liability international
|aUniversity of Cincinnati |aUniversity of Cincinnati
|aAmerican phonetic journal
|aFrankfurter Journal
"|aNeuer Calender für die Vereinigten Staaten, auf das Jahr unsers Herrn ."
"|aPolitisches Rundgemälde, oder, Kleine Chronik des Jahres .."
|aThe Christian family annual
|aDer Lutheraner
"|aYear book /|cThe Bibliophile Society |aBibliophile Society (Boston, Mass.)"
"|aCommunity, technical, and junior college journal"
|aNewsletter /|cGerman Genealogical Society of America |aNewsletter (German Genealogical Society of America)
"|aThe American pioneer :|ba monthly periodical, devoted to the objects of the Logan Historical Society, or, to collecting and publishing sketches relative to the early settlement and successive improvement of the country |aAmerican pioneer (Cincinnati, Ohio)"
|aThe American monthly
|aThe Morning visitor; or Breakfast table companion
|aOhio valley verse |aOhio Valley Poetry Society
|aAmerican book prices current
"|aThe Connecticut register, ."
|aContributions to anthropology |aColumbia University
|aAnnual bibliography of the history of the printed book and libraries
|aMidwest League ... yearbook
|aAbendschule-Kalender ..
|aAnnual report of the Society for the History of the Germans in Maryland |aSociety for the History of the Germans in Maryland
"|aStaff publications in engineering, physical sciences [and] mathematics |aUniversity of Cincinnati"
|aYearbook of German-American studies
|aOfficial baseball guide
|aAmerica-Herold Kalender
"|aAnnual reports in inorganic and general syntheses |aZimmer, Hans"
"|aAlumni directory /|cOMI College of Applied Science, University of Cincinnati |aUniversity of Cincinnati.|bOMI College of Applied Science"
|aNew-Ulm Pionier
"|aDirectory of the Board of Directors, administrative officers and faculty |aUniversity of Cincinnati"
|aReprint series |aUniversity of Cincinnati.|bCollege of Business Administration
"|aThe Technologist :|ban illustrated journal of engineering, manufacturing and building"
|aPhiladelphia Herold|h[microform]
|a[Minutes] |aUniversity of Cincinnati.|bLiterary Society
|aAyer's deutscher Almanach...
"|aLyrik und Prosa /|cDepartment of Germanic and Slavic Languages, SUNY, Buffalo, N.Y"
"|aTurn-Zeitung|h[microform] |aTurn-Zeitung (Cincinnati, Ohio)"
|aThe Beaver|h[microform]
|aDie Republik der Arbeiter
|aCincinnati Bearcats basketball
|aSenior annual |aCincinnati Conservatory of Music
"|aA national calendar, for ... /|cby Peter Force |aNational calendar, for ... (Washington, D.C.)"
|aAbend-Zeitung auf das Jahr 18--
"|aDie Hummel|h[microform] :|beine Wochenschrift /|cunter Mitwirkung mehrerer, herausgegeben von Eduard Pelz"
|aFaculty publications for the year . |aUniversity of Cincinnati.|bLibrary
"|aAufbau :|bNachrichtenblatt des German-Jewish Club |aAufbau (New York, N.Y.)"
"|aColumbus Herold|h[microform] |aColumbus Herold (Columbus, Ohio)"
"|aMessage and annual reports for ..., made to the ... General Assembly of Ohio . |aOhio"
"|aDie Fackel.|nJahrg. 1, Th. 1,,etc|h[microform] |aFackel (Baltimore, Md.)"
|aUniversity of Cincinnati financial report for the year ended June 30 |aUniversity of Cincinnati
"|aAnnual reports for ..., made to the ... General Assembly of the State of Ohio . |aOhio |aAnnual reports for ..., made to the ... General Assembly of the State of Ohio ... (1877)"
|aAnnalen =|bAnnals = Annales |aSymposium German-Canadian Studies
|aProfile (University of Cincinnati)
|aNote book |aUniversity of Nebraska (Lincoln campus).|bLaboratory of Anthropology
|aThe University magazine.|cConducted by the Literary Society of the University of Cincinnati
|aThe SABR bulletin :|bnewsletter of the Society For American Baseball Research |aSociety for American Baseball Research
|aAnnual report of the Ohio State Board of Agriculture |aOhio State Board of Agriculture
|aSim Schmalzgsicht's own magazine :|bThe only Pennsylvania German humorous publication in the United States
|aDeutschland-Information des Zentralkomitees der K.P.D
"|aAufbau|h[microform] :|bNachrichtenblatt des German-Jewish Club |aAufbau (New York, N.Y.)"
"|aFreeman's journal,|band daily commercial advertiser"
|aRepertorium der gesammten deutschen Literatur /|cherausgegeben ... von E.G. Gersdorf
|aCRC handbook of mathematical sciences
|aMagazine of western history
|aTruth and facts about the Third Riech |aEnglish ed
|aAllgemeine Militär-Zeitung
|aBusiness Directory |aOver-the-Rhine Chamber of Commerce
"|aVorwärts |aVorwärts (New York, N.Y. : 1892)"
|aPopulation
|aCatalog and prospectus |aCollege of Music of Cincinnati
"|aDocuments, including messages and other communications, made to the ... General Assembly of the State of Ohio |aOhio"
|aEdelweiss
|aAn músgraigheach :|bbulletín do cháirde Mhúsgraighe
"|aDeutsch-Amerika |aDeutsch-Amerika (Cincinnati, Ohio)"
|aChristlicher Familien-Kalender für das Jahr unseres Herrn ..
|aPublications of the Pennsylvania German Society |aPublications of the Pennsylvania German Society (1953)
"|aDanziger Dampfboot|h[microform] :|bfür Geist, Humor, Satire, Poesie, Welt- und Volksleben, Korrespondenz, Kunst, Literatur und Theater"
|aEvangelischer Kalender auf das Jahr unseres Herrn .... /|cherausgegeben von der Evangelischen Synode von Nord-Amerika |aEvangelical Synod of North America
|aChicagoer Arbeiter-Zeitung|h[microform] |aChicagoer Arbeiter-Zeitung (Chicago : 1931)
"|aGermania |aGermania (Cleveland, Ohio)"
"|aFestschrift zum ... Sängerfest des Comal Sängerbundes |aComal Sängerbund (New Braunfels, Tex.)"
|aUniversity weekly news
|aOhio baseball hall of fame
|aTime
"|aFaculty facts;|ba handbook for teaching, research and administrative staff |aUniversity of Cincinnati.|bOffice of the Provost for Academic Affairs"
|aThe Colophon
|aGerman-Canadian yearbook
|aCollections of the State Historical Society of Wisconsin
|aThe American-German review
|aUniversity of Cincinnati Medical Center telephone directory
|aCincinnati football yearbook |aUniversity of Cincinnati
|aThe Whisperer
"|aSan Francisco abend Post.|h[microform] |aSan Francisco abend Post (San Francisco, Calif. : daily)"
|aOfficial guide |aNational Football League
|aWestbote Kalender für das Jahr ..
"|aAnnual reports of the officers, boards and departments of the city of Cincinnati for . |aCincinnati (Ohio).|bCity Council"
|aAnnual report of the city manager |aCincinnati (Ohio).|bCity Manager
"|aAbendpost.|h[microform] |aAbendpost (Chicago, Ill. : Chicago ed.) |aChicago ed"
|aThe Hesperian
|aAlumni directory /|cUniversity of Cincinnati College-Conservatory of Music |aUniversity of Cincinnati.|bCollege-Conservatory of Music
|aThe Ohio legal directory
"|aNew faces |aUniversity of Cincinnati.|bCollege of Design, Architecture, and Art"
|aWriter/editor
|aThe Germanna record
|aThe Filson Club history quarterly
|aVolksfront|h[microform] =|bThe People's front
|aChic
|aDie Amerikanische Rundschau
|aThe Micrometer /|cpublished by the students of the Ohio Mechanics' Institute |aOhio Mechanics' Institute
"|aLa Jeune France :|bjournal litteraire, paraissant le dimanche"
|aNiles' weekly register
|aAnnual announcement |aCincinnati Conservatory of Music
|aUniversity of Cincinnati annual classified salaries |aUniversity of Cincinnati
|aHughes annual
|aIllustrierter Jugendblätter-Kalender für das christliche Haus auf das Jahr unsers Herrn ..
|aDeutsch-Amerikanische Gartenlaube
|aJournal of chemical engineering education
|aInterview
|aAmerican annual register;|cfor the years 1825/26-1832/33; or the 50th-57th years of American independence
|aVoyageur
|aDeutscher Buchhändler-Almanach ..
|aThe Miami Valley news
|aYearbook of the Queen City Club |aQueen City Club
|aIndian documents of the 19th century
|aUniversity of Cincinnati talking pictures |aUniversity of Cincinnati
|aAnnual report of the Cincinnati Hospital to the Mayor of Cincinnati for the year ending.. |aCincinnati Hospital
|aAn t-Eaglaisea? Gae?eala? =|bThe Gaelic churchman
"|aDie Toledo Express [microform] |aToledo Express (Toledo, Ohio)"
|aReport of the proceedings of the Society of the Army of the Tennessee at the ... meeting[s] .. |aSociety of the Army of the Tennessee
|aChallenge
"|aBook prices, used and rare"
|aThe Christian intelligencer and evangelical guardian
|aThe experience |aUniversity of Cincinnati
|aAnnual report /|cDivision of Engineering |aCincinnati (Ohio).|bDivision of Engineering
"|aThe Gentleman's magazine |aGentleman's magazine (London, England : 1868)"
|aDivision of Music /|cThe Library of Congress |aLibrary of Congress.|bMusic Division
|aKentuckiana Germanic Heritage Society :|bMember directory |aKentuckiana Germanic Heritage Society
|aAnnual report of the German Society of the City of New York |aGerman Society of the City of New York
|aThe Academician
|aPalatine patter
|aReading Adler
|aSporting life;|bthe loyal champion of clean sport.|cA weekly digest of the world's progress in sport
|aNewsletter for American-German cultural studies in the Southeast
|aTechnical reports |aMiami Conservancy District
|aAnnual report of the Commissioner of Indian Affairs |aUnited States.|bOffice of Indian Affairs
"|aThe children's message /|cThe Children's Hospital |aChildren's Hospital (Cincinnati, Ohio)"
|aManual of Cincinnati stocks
|aLehre und Wehre
"|aDie Einheitsfront|h[microform] |aEinheitsfront (New York, N.Y.)"
|aReport |aGeneral Association of Cincinnati Mothers' Clubs
|aThe Society of Ohio Archivists newsletter
"|aThe Community post |aCommunity post (Minster, Ohio)"
|aThe Test
|aLia Fáil :|birislea?ar Gae?ilge Ollsgoile na hÉireann |aNational University of Ireland (Dublin)
|aAllgemeines Verzeichniss der Bücher welche in der Frankfurter und Leipziger entweder ganz neu gedruckt ..
|aDirectory of State and provincial archives
|aGedenk-Blaetter :|bSonntags-Beilage zur Daytoner Volks-Zeitung
|aNouvelle correspondance mathématique
|aReunion of the Society of the Army of the Cumberland |aSociety of the Army of the Cumberland
"|aMeyer's British chronicle :|ba universal review of British literature, &c"
|aVolksfest :|bDeutscher Tag = German day /|cVolksfest Association of Minnesota
|aKeesing's contemporary archives
"|aThe retrospective review |aRetrospective review (London, England : 1820)"
|aGuth na bliadhna =|bThe voice of the year
"|aAlumnae directory /|cCollege of Nursing and Health, University of Cincinnati |aUniversity of Cincinnati.|bCollege of Nursing & Health"
|aThe Foundation directory
|aThe Book of the Boston Architectural Club
|aKottabos
|aHorizon;|ba review of literature and art
|aProceedings ... of the national convention of the Anti-saloon League of America |aAnti-saloon League of America
"|aMitteilungsblatt|h[microform] |aMitteilungsblatt (New York, N.Y.)"
|aPennsylvanischer Calender auf das Jahr unseres Heilandes Jesu Christi ..
|aFine print
|aTägliches Cincinnati Volksblatt|h[microform]
"|aDer Wahrheits-Freund|h[microform] /|cherausgegeben von einem Waisen-Vereine in Cincinnati, Hamilton Cty, Ohio |aWahrheits-Freund (Cincinnati, Ohio)"
"|aDeutsch-Amerikanisches Magazin :|bVierteljahrsschrift für Geschichte, Literatur, Wissenschaft, Kunst, Schule u. Volksleben der Deutschen in Amerika /|cunter Mitwirkung deutsch-amerikanischer Geschichts- u. Literatur-Freunde ; herausgegeben von H.A. Rattermann |aDeutsch-Amerikanisches Magazin (Cincinnati, Ohio)"
"|aNotes and notices :|bLSLY = The Lessing Society, The Lessing Yearbook"
|aProofpress
|aAffirmative action report |aUniversity of Cincinnati.|bOffice of Affirmative Action
|aThe Century illustrated monthly magazine
|aAnnual report of the Board of Public Safety for the year ending . |aCincinnati (Ohio).|bBoard of Public Safety
|aEvangelischer Familienfreund |aEvangelische Gemeinschaft zu Pittsburg und Allegheny
|aAnnual report on historical collections |aUniversity of Virginia.|bLibrary
|aOpus |aCollege-Conservatory of Music of Cincinnati
|aTrans-Lit /|cSCALG
|aA Wake newslitter
|aMasterplots annual
"|aLife |aLife (Chicago, Ill. : 1978)"
|aSadakichi Hartmann newsletter
|aDie deutsche Library
|aReport of the Deputy Keeper of the Public Records and of the Keeper of the State Papers in Ireland :|bpresented to both houses of the Oireachtas |aIreland.|bPublic Record Office
|aUniversity of Cincinnati annual base salaries |aUniversity of Cincinnati
"|aThe Japan chronicle |aJapan chronicle (K?be-shi, Japan : Weekly ed.) |aWeekly ed"
|aNewsletter /|cIndiana German Heritage Society
|aHousehold words.|bA weekly journal|cconducted by Charles Dickens
"|aSummaries of doctoral dissertations |aNorthwestern University (Evanston, Ill.).|bGraduate School"
|aCD-ROMs in print
"|aWestliche Blätter :|bein Organ fuer schœne Literatur, Kunst und Wissenschaft"
"|aAntiquarian, specialty, and used book sellers :|ba subject guide and directory"
|aAll the year round /|cconducted by Charles Dickens
"|aJapan annual reviews in electronics, computers & telecommunications.|pAmorphous semiconductor technologies & devices"
|aCincinnati horizons
"|aThe dial |aDial (Chicago, Ill.)"
|aBaccalaureate service |aUniversity of Cincinnati
"|aDer Arbeiter|h[microform] |aArbeiter (New York, N.Y. : 1928)"
|aMinutes of the annual convention |aOhio Woman Suffrage Association
|aPennsylvania archives
|aStaats-Herold Almanach
|aNeues bilderreiches Poetarium :|bZeitschrift für Dichtung und Graphik
|aKalender der Neu-Braunfelser Zeitung fuer .
"|aThe free enquirer |aFree enquirer (New York, N.Y.)"
|aThe Galaxy.|bA magazine of entertaining reading
|aMessage and reports to the General Assembly and Governor of the State of Ohio for the year . |aOhio |aMessage and reports to the General Assembly and Governor of the State of Ohio for the year ... (1860)
|aNationalsozialistisches Jahrbuch
|aDie Glocke
|aGegen den Strom
|aOfficial yearbook |aSan Francisco Giants (Baseball team)
"|aSam, the Scaramouch"
"|aJahresbericht des Vorstandes des Deutschen Pionier-Vereins von Cincinnati, Ohio für das Verwaltungsjahr .. |aDeutscher Pionier-Verein von Cincinnati"
|aOhio archaeological and historical publications
"|aThe Family magazine, or monthly abstract of general knowledge"
|aShakespeariana|ba critical and contemporary review of Shakespearian literature
"|aBiographical sketches of graduates of Harvard University, in Cambridge, Massachusetts"
"|aThe Cincinnatian :|bofficial organ of the Cincinnati Chamber of Commerce |aCincinnatian (Cincinnati, Ohio : 1922)"
"|aGermanna :|ba publication of the Memorial Foundation of the Germanna Colonies, Inc"
|aLiteratur-express
|aValentine's manual of old New York
|aAnnual report of the Bureau of Ethnology to the Secretary of the Smithsonian Institution |aSmithsonian Institution.|bBureau of Ethnology |aAnnual report of the Bureau of Ethnology to the Secretary of the Smithsonian Institution (with accompanying papers)
|aManual for Common Council :|bcontaining a list of the officers and members of the Board of Aldermen and Board of Councilmen of the city of Cincinnati ..
"|aReform |aReform (Brooklyn, New York, N.Y.)"
"|aÉphémérides du citoyen, ou Chronique de l'esprit national"
"|aJournal de l'agriculture, du commerce et des finances"
|aMilwaukee America Kalender
|aDer Pennsylvaanisch Deitsch Eileschpiggel
"|aJahrbuch für ... /|cGermania Maennerchor |aGermania Männerchor (Chicago, Ill.)"
|aThe Censor
|aDirectory of software for archives & museums
|aYorkshire Celtic studies /|cthe Yorkshire Society for Celtic Studies
|aArs typographica
"|aDeutscher Weckruf und Beobachter|h[microform] |aDeutscher Weckruf und Beobachter (New York, N.Y.)"
"|aThe R.O.T.C. Shield,|cPublished by the students of the Reserve officers training corps of the University of Cincinnati"
|aThe literary magazine |aRaymond Walters General and Technical College
|aDr. J.H. McLean's Familien Kalender .
|aThe gemütliche newsletter :|bdedicated to preserving and nuturing German music and culture
|aEditorial research reports
|aThe Ohio archivist /|cSociety of Ohio Archivists |aOhio archivist (1983)
|aAnnual report of the Bureau of American Ethnology to the Secretary of the Smithsonian Institution |aSmithsonian Institution.|bBureau of American Ethnology |aAnnual report of the Bureau of American Ethnology to the Secretary of the Smithsonian Institution (with accompanying papers)
|aVolks-Kalender für das Jahr .
|aWorld guide to libraries
|aKampfsignal|h[microform]
|aUniversity of Cincinnati roster of foreign nationals |aUniversity of Cincinnati
|aIntelligenzblatt der allgem. Literatur-Zeitung
"|aSymposia on nutrition |aRobert Gould Research Foundation, Cincinnati"
"|aMiscellanea berolinensia ad incrementum scientiarum, ex scriptus Societati regiae scientarium exhibitis |aDeutsche Akademie der Wissenschaften zu Berlin"
|aAnnual report of the Commissioner of Prohibition for the fiscal year ending June 30 |aUnited States.|bBureau of Prohibition
|aConstitution and rules and regulations of the Cincinnati Woman's Club |aCincinnati Woman's Club
"|aAnnual report /|cDivision of Public Relief and Welfare, Cincinnati and Hamilton County, Ohio |aCincinnati (Ohio).|bDivision of Public Relief and Welfare"
|aHaus-Bibliothek der Germania =|bHome Library
|aThe National pastime
|aBox score book.|pNational League
"|aThe Pearl;|bor, Affection's gift"
"|aDer Freischütz |aFreischütz (New York, N.Y.)"
|aCincinnati ... basketball game program .. |aUniversity of Cincinnati.|bSports Information Office
|aJournal des débats et lois du Corps législatif |aFrance.|bCorps législatif
|aAnnouncement of the Cincinnati Law School |aUniversity of Cincinnati.|bCollege of Law
|aNouvelles annales des voyages
|aThe Pen dragon
|aThe Chimera
"|aDas freie Wort |aFreie Wort (Milwaukee, Wis.)"
|aSketch and record book /|cAmerican Association of Professional Baseball Clubs |aAmerican Association of Professional Baseball Clubs
|aMilwaukee history
|aAnnual statistical report |aCincinnati General Hospital
"|aGeschichtsblätter :|bBilder und Mittheilungen aus dem Leben der deutschen in Amerika /|cherausgegeben von Carl Schurz |aSchurz, Carl,|d1829-1906"
"|aThe Hyacinth;|bor, Affection's gift"
|aUniversity of Cincinnati student inventory |aUniversity of Cincinnati.|bOffice of the Registrar
|aTheme and variations |aCollege of Music of Cincinnati
|aUC campus calendar
|aJournal of the Printing Historical Society |aPrinting Historical Society
|aAlmanach des muses
|aAstronomical notes from the Astronomical observatory of the University of Cincinnati . |aCincinnati Observatory (Ohio)
|aJahresbericht des Bureaus für Arbeitsstatistik :|berstattet an die General-Versammlung von Ohio für das Jahr .. |aOhio.|bBureau of Labor Statistics
|aAnnual report of the President and Directors of the Marietta and Cincinnati Railroad Company |aMarietta and Cincinnati Railroad Company
|aCincinnati bearcats women's volleyball
"|aNew-Yorker Staats-Zeitung.|nJahrg. 2, No. 18 (Apr. 20, 1836)|h[microform] |aNew-Yorker Staats-Zeitung (New York, N.Y)"
|aDer Hoch-Deutsche americanische Calender
|aThe Firelands pioneer /|cFirelands Historical Society
|aNouvelle revue française;|brevue mensuelle de littérature et de critique
|aIllustrated monographs /|cBibliographical Society |aBibliographical Society (Great Britain)
"|aThe New Yorker |aNew Yorker (New York, N.Y. : 1925)"
"|aBulletin /|cGerman Historical Institute, Washington, D.C |aBulletin (German Historical Institute (Washington, D.C.))"
|aReview and news
"|aThe world /|cby Adam Fitz-Adam |aWorld (London, England : 1753)"
"|aAnthropology and sociology papers /|cDept. of Sociology, Montana State University |aMontana State University (Missoula, Mont.)"
|aBank and quotation record
"|a[Catalog] - Sears, Roebuck and Co |aSears, Roebuck and Company |aLimited library edition"
|aJung-Amerika;|bzeitschrift für schule und haus
|aBaseball America's ... directory
"|aAlumni directory |aUniversity of Cincinnati.|bCollege of Design, Architecture, Art, and Planning"
|aAll-time records and highlights of the American Association
|aSonntagsblatt Staats-Zeitung und Herold
|aOhio
|aThe Western monthly magazine
"|aThe Mechanics' magazine, museum, register, journal, and gazette"
|aFluoride abstracts
|aAffirmative action report six month update |aUniversity of Cincinnati.|bOffice of University Commitment to Human Resources
"|aThe Woodward manual /|cpublished by the Alumnal Association of Woodward High School, Cincinnati |aWoodward High School (Cincinnati, Ohio).|bAlumnal Association |aNew series"
"|aDer arme Teufel |aArme Teufel (Detroit, Mich.)"
|aAtlantische Studien
|aProceedings and collections of the Nebraska State Historical Society
"|aOfficial roster of the soldiers of the state of Ohio in the War of the Rebellion, 1861-1866.|cCompiled under direction of the Roster commission...Published by authority of the General assembly |aOhio.|bRoster Commission"
|aHostetter's illustrirter Vereinigte Staaten Kalender .
"|aGuide to local government records at the Ohio University Library /|cprepared by the Ohio Historical Society, Local Government Records Program, for the Dept. of Archives & Special Collections, Ohio University Library"
|aReport of business manager for fiscal year ended December 31 |aUniversity of Cincinnati
"|aDeutscher Bote |aDeutscher Bote (New York, N.Y.)"
|aThe Cincinnati directory
|aCommentationes Societatis Regiae Scientiarum Gottingensis |aGesellschaft der Wissenschaften zu Göttingen
|aProceedings of the United States National Museum |aUnited States National Museum
|aBoletim do Instituto Hans Staden |aInstituto Hans Staden (Brazil)
"|aThe Isoline :|bnewsletter and journal of the Dept. of Geography, McMicken College of Arts and Sciences, University of Cincinnati"
|aThe Book lover|b a monthly journal.
|aDie Abendlust
|aAnnual performance report :|bmeasures of success |aCincinnati (Ohio)
|aReynolds's political instructor /|cEd. by George W. M. Reynolds .
|aBaseball records update
|aNeue historische Abhandlungen der Baierischen Akademie der Wissenschaften |aBayerische Akademie der Wissenschaften
|aNewport today
|aPublications /|cHistorical and Philosophical Society of Ohio |aPublications (Historical and Philosophical Society of Ohio)
|aNewsletter /|cGerman Texan Heritage Society |aNewsletter (German Texan Heritage Society (Tex.))
"|aJournal of the Johannes Schwalm Historical Association, Inc"
"|aDer Haus- und Familien-Kalender des Deutsch-Amerikaners |aDeutsch-America Almanach (New York, N.Y.)"
|aTransactions of the Horticultural Society of London
|aRaymond Walters College guide |aRaymond Walters General and Technical College
|aAnnual report of the trustees...|band a catalogue of the officers and students |aLane Theological Seminary
|aBuilding a just community /|cUniversity of Cincinnati.
|aCincinnati Bearcats vs. ... Nippert Stadium |aUniversity of Cincinnati.|bSports Information Office
|aWilliams' Cincinnati directory
|aFinancial report of the University of Cincinnati for the year ended August 31 |aUniversity of Cincinnati
|aThe American ephemeris and nautical almanac
|aThe Gentleman's magazine and historical review /|cby Sylvanus Urban
|aThe Economist
"|aLe Proscrit,|bjournal de la république universelle.."
"|aBaltimore Correspondent |aBaltimore Correspondent (Baltimore, Md. : 1941)"
|aJapan chronicle
"|aDeutsche Monats-Hefte|h[microform] :|bdeutsch-amerikanische Zeitschrift für Literatur, Kunst und Geselllschaft |aDeutsche Monats-Hefte (New York, N.Y.)"
|aThe Blue book of Cincinnati
|aActivus :|bstudent organizations handbook |aUniversity of Cincinnati.|bStudent government.|bStudent Activities Board
|aThe Sporting news ... official baseball record book
|aProceedings and addresses |aPennsylvania-German Society
|aUniversity of Cincinnati Libraries occasional papers.|pBibliographic series |aUniversity of Cincinnati.|bLibrary
|aReport to the shareholders |aCincinnati Street Railway Company
|aGerman-American studies
|aOhio newspapers on microfilm
"|aDer Readinger Postbothe|h[microform] :|bund Berks, Schuylkill und Montgomery Caunites Adverteiser"
"|aDwight's journal of music, a paper of art and literature"
"|aAgreement between University of Cincinnati and AAUP, University of Cincinnati Chapter"
|aThe Cincinnati pioneer
|aPublications |aShakespeare Society
|aAnnual report |aCommunity Chest and Council of the Cincinnati Area
|aAnnual report of the National Executive Committee /|cAmerican Gymnastic Union |aAmerican Gymnastic Union
|aMagazin für die neueste Geschichte der evangelischen Missions- und Bibelgesellschaften
|aDer Christliche Botschafter
"|aJahresbericht des Vororts des Nordamerikanischen Turnerbundes (Indianapolis, Ind.) |aNorth American Gymnastic Union"
|aReview /|cSwiss-American Historical Society |aSwiss-American Historical Society
|aBookman's price index
|aChicagoer Arbeiter-Zeitung|h[microform] |aChicagoer Arbeiter-Zeitung (Chicago : 1876)
|aIllustrirte Abend-Schule :|beine Zeitschrift für Belehrung und Unterhaltung
"|aAstronomisches Jahrbuch oder Ephemeriden für dar Jahr ... :|bnebst einer Sammlung der neuesten in die astronomischen Wissenschaften einschlagenden Beobachtungen, Nachrichten, Bemerkungen und Abhandlungen |aAstronomisches Jahrbuch"
"|aHandbook of the Division of Graduate Studies and Research, University of Cincinnati /|cprepared by the Office of the Vice President and University Dean for Graduate Studies and Research |aUniversity of Cincinnati.|bDivision of Graduate Studies and Research"
|aThe Complete handbook of baseball
|aDeutsches Museum
|aCincinnatus
|aGraduate report |aUniversity of Cincinnati.|bCollege of Applied Science
"|aWoman's voice :|bwords of heart, hurt and healing / By Lynn Robbins |aRobbins, Lynn"
"|aAbstracts :|bgraduate theses in education /|cTeachers College, University of Cincinnati |aAbstracts (University of Cincinnati. Teachers College)"
|aUniversity of Cincinnati bulletin |aUniversity of Cincinnati.|bOffice of the University Bulletin
|aBibliography of research projects reports |aUnited States.|bWork Projects Administration
|aNewsletter /|cSwiss American Historical Society |aSwiss-American Historical Society
|aMinor planets for |aCincinnati Observatory (Ohio)
|aDie Biene|h[microform] :|bVolksblatt für Sachsen
|aAnnual statistical report |aUniversity of Cincinnati.|bMedical Center.|bCincinnnati General Hospital
"|aThe Athenian gazette.|bor, Casuistical mercury, resolving all the most nice and curious questions proposed by the ingenious of either sex"
"|aDeutsch-Amerika |aDeutsch-Amerika (New York, N.Y)"
"|aObservations made at the magnetical and meterological observatory at St. Helena printed by order of Her Majesty's Government /|cunder the superintendence of Lieut.-Colonel Edward Sabine |aSabine, Edward,|cSir,|d1788-1883"
"|aBelletristisches Journal|h[microform] |aBelletristisches Journal (New York, N.Y.)"
|aDie Gartenlaube
|aDer deutsche Arbeiter|h[microform]
"|aWächter und Anzeiger|h[microform] |aWächter und Anzeiger (Cleveland, Ohio : Daily)"
|aUniversity of Cincinnati intramurals and recreation
|aMémoires de l'Institut national des sciences et arts :|bsciences morales et politiques |aInstitut national des sciences et des arts (France).|bClasse des sciences morales et politiques
|aThe sidereal messenger :|ba monthly review of astronomy
|aDer neue Reading Adler Calender auf das Jahr unseres Heilands Jesu Christi ..
"|aThe Criterion :|ba quarterly review |aCriterion (London, England : 1922)"
|aThe Ohio journal of education
|aCarroll's literary register
|aL'Illustration.|b[Special numbers]
|aReport of the first meeting of the Society of the Army of the Cumberland |aSociety of the Army of the Cumberland
|aDirectory of the Board of Directors and faculty |aUniversity of Cincinnati
"|aCincinnati (Hamilton County, Ohio) city directory"
|aHaus und Herd
|aFoster Hall bulletin
|aBanba
|aCincinnati magazine
|aThe Small city and regional community
|aCommentarii Societatis Regiae Scientiarum Gottingensis |aGesellschaft der Wissenschaften zu Göttingen
|aArbeiter Welt|h[microform] =|bLabor world
|aCatalogue for the academic year |aCollege of Music of Cincinnati
"|aMechanics' magazine |aMechanics' magazine (New York, N.Y.)"
|aThe Shanachie;|ban Irish illustrated quarterly
|aThe Scottish art review
|aJüdische Front|h[microform] |aJüdische Front  (Vienna)
|aAnnual reports of the city departments of the city of Cincinnati |aAnnual reports of the city departments of the city of Cincinnati
"|aVerbesserter Calender auf das Jahr Christi ...  :|benthaltend den Lauf der Sonne, Mond, und Planeten, die Sonnen und Mond Finsternissen, Auf- und Untergang von Sonne, Mond, und Sterne, die Witterung, den Hundertjährigen Calender, &c. &c"
"|aFreidenker|h[microform] |aFreidenker (Milwaukee, Wis. : 1885)"
|aTransactions of the Wordsworth Society |aWordsworth Society
"|aOffice and telephone directory, University of Cincinnati |aUniversity of Cincinnati"
"|aMississippi Blätter|h[microform] |aMississippi Blätter (Saint Louis, Mo. : Sunday)"
|aDie Akademie der Grazien :|beine Wochenschrift zur Unterhaltung des schönen Geschlects
"|aThe gentleman's magazine, and historical chronicle"
|aSchool safety
"|aLucifer |aLucifer (Madison, Wis.)"
|aStudent guidebook |aClermont General and Technical College
"|aMilwaukee deutsche Zeitung|h[microform] |aMilwaukee deutsche Zeitung (Milwaukee, Wis.)"
|aLady's almanac for ..
"|aThe teachers' bulletin /|cUniversity of Cincinnati |aTeachers' bulletin (Cincinnati, Ohio)"
|aAnnual report |aAdult Education Council of Metropolitan Cincinnati
|aWho's who in baseball
|aThe German-American genealogist
"|aUniversity of Cincinnati College of Engineering MS & PhD degrees :|bthesis & dissertation topics, authors, advisers"
|aCahiers du Centre scientifique et technique du bâtiment |aCentre scientifique et technique du bâtiment (France)
|aCircular |aAcademy of Language & Belles Lettres
|aDirectory of faculty and students ...|cIssued by the College of Liberal Arts Tribunal |aMcMicken College of Arts and Sciences
|aGerman-American commerce bulletin
|aOfficial yearbook |aChicago Cubs (Baseball team)
|aMurad |aCollege-Conservatory of Music of Cincinnati
"|aDer Deutsch-Amerikaner|h[microform] |aDeutsch-Amerikaner (Hamilton, Ohio)"
|aNational work-study program in Germany |aUniversity of Cincinnati.|bDept. of Germanic Languages and Literature
|aArchivaria
|aTransactions and collections of the American Antiquarian Society |aAmerican Antiquarian Society
|aMinotaure
"|aThe Hound and horn |aHound and horn (Portland, Me.)"
|aLyrica Germanica
|aUnited States' telegraph-- extra
"|aYear book, reports and membership list |aCincinnati Woman's Club"
"|aMeyer's Volksbibliothek für Länder-, Völker- und Naturkunde :|bmit Kupfern und Karten"
|aSpalding's official base ball guide
"|a[Miscellaneous publications.] |aUniversity of Cincinnati.|bCollege of Design, Architecture, and Art"
"|aAnnual report - Board of Health, City of Cincinnati |aCincinnati (Ohio).|bHealth Department"
|aFree organ recitals |aCarnegie Institute
|aOfficial election results |aHamilton County (Ohio).|bBoard of Elections
"|aLa Nuova parola,|brivista illustrata d'attualita ?dedicata ai nuovi ideali nell'arte, nella scienza, nella vita"
|aDas Echo der Gegenwart und der Zeitgeist .
|aThe Savoy
"|aThe New-Yorker |aNew-Yorker (New York, N.Y. : 1836) |a[Quarto ed.]"
"|aReport on Indian affairs, by the acting Commissioner for the year . |aUnited States.|bOffice of Indian Affairs"
|aThe Foundation 1000 /|ccompiled by the Foundation Center
"|aGermania Club year book and historical review |aGermania Club (Chicago, Ill.)"
|aYear book - Cincinnati Symphony Orchestra |aCincinnati Symphony Orchestra
"|aThe Washington sketch book supplement |aHinman, Ida"
|aAmerican silk grower and farmer's manual
"|aDidaskalia, oder, Blätter für Geist, Gemüth und Publizität"
|aDer Wanderer-Kalender für das Jahr ... mit zahlrichen Illustrationen
|aMémoires de l'Institut national des sciences et arts.|pLittérature et beaux-arts |aAcadémie des inscriptions & belles-lettres (France)
"|aCincinnatier Freie Presse|h[microform] |aCincinnatier Freie Presse (Cincinnati, Ohio)"
|aThe New adelphi
|aThe Official museum directory
|aCincinnati ... football media guide |aUniversity of Cincinnati
|aMembership directory |aSociety for American Baseball Research
"|aWorld-war :|ban exact translation of Weltkrieg"" . |aWeltkrieg.|lEnglish"""
|aDeutsch-Amerikanisches Vereins-Adressbuch fuer das Jahr ... =|bGerman-American directory .
|aTransactions /|cSociety of Automotive Engineers |aSociety of Automotive Engineers
|aSubject guide to IAC databases
"|aAnnual report of the Commissioner of Indian Affairs, for the year . |aUnited States.|bOffice of Indian Affairs |aAnnual report of the Commissioner of Indian Affairs, for the year ... (1868)"
|aThe Nursery
"|aThe German-American journal =|bDer Deutsch-Amerikaner |aGerman-American journal (Chicago, Ill.)"
|aMilwaukee deutsche Zeitung
|aSonntags-Nachrichten
|aBriefe die neueste Literatur betreffend
|aAnnual report of the United States Entomological Commission for the year .. |aUnited States Entomological Commission
|aThe Wiener Library bulletin|h[microform] |aWiener Library
|aDas Deutsche Echo
|aBy-lion |aCollege of Music of Cincinnati
|aIndian notes
|aStudia africana
"|aAlbion awake! |aEldridge, Aethelred"
|aMiscellaneous Ohio newspapers.|nM.O. 6|h[microform]
|aSemi-Quaver |aCollege of Music of Cincinnati
|aAnnals of the Dudley Observatory |aDudley Observatory
|aDeutscher Weckruf und Beobachter and the free American
"|aJournal zur Kunstgeschichte und zur allgemeinen Litteratur |aMurr, Christoph Gottlieb von,|d1733-1811"
|aHemispheres
|aThe New criterion :|ba quarterly review
|aKriegs-album /|cNew-Yorker Staats-Zeitung
|aDas Mitteilungsblatt /|cherausgegeben vom Verbande Deutschsprachiger Autoren in Amerika |aVerband deutschsprachiger Autoren in Amerika
"|aL'Opinion du parterre, ou Revue des théatres français, de l'opéra, de l'opéra-comique national, de louvois, de l'opéra-buffa et du vaudeville"
|aFacsimile |aNational Archives (U.S.)
|aBaseball research journal
"|aSynodal-Bericht der Deutschen Ev.-Luth. Synode von Missouri, Ohio u. a. Staaten vom Jahre ...|h[microform] |aDeutsche Evangelisch-Lutherische Synode von Missouri, Ohio und Andern Staaten"
|aOstfriesen Zeitung
"|aThe Bookmart :|ba monthly magazine of literary and library intelligence, devoted to the individual interest of the public in the  purchase, exchange, or sale of books, old, fine, rare, scarce and out-of-the-way, both American and foreign"
"|aVorstands-Bericht des Deutschen Pionier-Vereins von Cincinnati, Ohio für das ... Verwaltungsjahr, endigend am . |aDeutscher Pionier-Verein von Cincinnati"
|aThe American comic almanack
|aThe ... IMS directory of publications
"|aThe London magazine: or, Gentleman's monthly intelligencer"
|aReview |aUniversity of Cincinnati
"|aHohenstaufen, Helfenstein"
|aGegen den Strom|h[microform]
|aA collection of the Occasional papers ...|bWith a preface
|a...Bulletin |aUniversity of Cincinnati
|aThe Anti-saloon League year book :|ban encyclopedia of facts and figures dealing with the liquor traffic and the temperance reform /|ccompiled and edited by Ernest Hurst Cherrington
|aBulletin of the Society for German-American Studies
|aMatrix :|ba review for printers and bibliophiles
|aDeutsch-amerikanische Bibliothek
|aReport of the record commissioners of the city of Boston |aBoston (Mass.).|bRegistry Department
|a...Pamphlet |aCivic and Vocational League of the Cincinnati Public Schools
|a...Annual business and professional men's group|b[notes and digests of meetings] |aUniversity of Cincinnati
|aPoetisches Journal
|aSimplicissimus
|aThe Journal of industrial engineering
"|aFaculty:|bbiographical data: education, experience, research, publications, honors and awards |aUniversity of Cincinnati.|bCollege of Engineering"
|aKommunistisches Mitteilungsblatt|h[microform]
|aBulletin |aCincinnati College of Pharmacy
"|aSynodalbericht der ... regelmässigen Versammlung der Evangelisch-Lutherischen Synode von Missouri, Ohio und Andern Staaten|h[microform] |aDeutsche Evangelisch-Lutherische Synode von Missouri, Ohio und Andern Staaten"
|aNotes from the garage door
|aThe Queen's jester
"|aLouisville Anzeiger [microform] |aLouisville Anzeiger (Louisville, Ky.)"
|aCincinnati bearcats baseball
"|aCalendar |aCalendar (Children's Hospital (Cincinnati, Ohio)"
|aLeigh Hunt's London journal
|aThe Unesco courier
"|aCorrespondance astronomique, géographique, hydrographique et statistique du Baron de Zach |aZach, Franz Xaver,|cFreiherr von,|d1754-1832"
|aNational data book of foundations /|ccompiled by the Foundation Center
"|aDie alte und neue Welt|h[microform] |aAlte und neue Welt (Philadelphia, Pa. : 1834)"
|aZeitschrift für deutschamerikanische Literatur |aVerband deutschsprachiger Autoren in Amerika
|aLectures in memory of Louise Taft Semple
|aAnnual report of the Board of Administration of the city of Cincinnati |aCincinnati (Ohio).|bBoard of Administration
|aAllgemeine Literatur-Zeitung. Ergänzungsblätter
|aLicht-freund
|aPeterson's guide to graduate programs in the physical sciences and mathematics
|aDer Sternewirth
|aMémoires de l'Académie royale des sciences et belles-lettres depuis l'avénement de Fréderic Guillaume II au throne :|bavec l'histoire pour le même temps |aDeutsche Akademie der Wissenschaften zu Berlin
|aDie Abendschule
|aThe Theatre book of the year :|ba record and an interpretation /|cby George Jean Nathan
|aAnnual report of the Children's home of Cincinnati |aCincinnati (Ohio).|bChildren's Home
|aDie Galerien Europas
|aTeaching human rights online|h[electronic resource] :|bTHRO |aTeaching human rights online (CD-ROM)
|aSpitball
|aThe State of the world's children
|aPublic characters
|aCommunications in behavioral biology.|nPart A.|pOriginal articles
|aThe APHA newsletter :|ba publication of the American Printing History Association
|aThe Cincinnati literary gazette
|aDie Republik der Arbeiter|h[microform]
|aCopernicus :|ban international journal of astronomy
|aLe Sport universel illustré :|brevue hebdomadaire de tous les sports et de l'elevage
"|aFreidenker |aFreidenker (Milwaukee, Wis. : 1885)"
|aNaval research logistics quarterly
"|aOne man's meat /|cby E.B. White |aWhite, E. B.|q(Elwyn Brooks),|d1899-"
|aOn library shelves |aUniversity of Cincinnati.|bLibrary
|aDirectory:|bfaculty interests and capabilities |aUniversity of Cincinnati.|bOffice of the Vice President for Research
"|aDie Fackel |aFackel (Baltimore, Md.)"
|a[Reports] |aMichigan.|bGeological Survey
|aMémoires de l'Académie royale de chirurgie |aNouvelle edition .
|aKlingsor
|aThe journal of the Manchester Geographical Society |aManchester Geographical Society
"|aGöttingische gelehrte Anzeigen,|bunter der aufsiccht der Königl. gesellschaft der wissenschaften"
|aCincinnati Bearcats ... men's basketball prospectus |aUniversity of Cincinnati.|bSports Information Office
"|aLibrary of Congress subject headings /|cSubject Cataloging Division, Processing Department |aLibrary of Congress"
|aMedia guide /|cCincinnati Reds |aCincinnati Reds (Baseball team)
"|aHalbjahrsverzeichnis der neuerscheinungen des deutschen Buchhandel erschienenen Bücher, Zeitschriften und Landkarten,|cmit Voranzeigen von Neuigkeiten, Verlags- und Preisänderungen"
"|aDeutsch-brasilianische Bibliographie /|cKarl Fouquet |aFouquet, Karl,|cof Brazil"
|aCincinnati business journal
"|aWestliche Post|h[microform] |aWestliche Post (Saint Louis, Mo. : Daily)"
|aForkroads :|ba journal of ethnic American literature
|aJahres-Bericht |aCincinnati (Ohio).|bBoard of Education
|aAnnual report |aCincinnati (Ohio).|bDivision of Police
"|aHearth and home |aHearth and home (New York, N.Y.)"
|aMetal progress
"|aA counseling aid for: high-school deans of girls and counselors:|bCareer articles written by women graduates of the co-operative courses of the College of business administration, the College of applied arts, and the College of engineering of the University of Cincinnati |aUniversity of Cincinnati"
|aDes Lahrer hinkenden Boten neuer historischer Kalender für den Bürger und Landmann auf das Jahr
|aAnnual service by the Public Schools of Pittsburgh in memory of Stephen Collins Foster
"|aReport of the president, for the academic years |aUniversity of Cincinnati"
|aWork-study program in Hamburg |aUniversity of Cincinnati.|bDept. of Germanic Languages and Literature
"|aBericht über das evangelisch-lutherische Concordia-Collegium zu Fort Wayne, Ind. für das Schuljahr .. |aDeutsche Evangelisch-Lutherische Synode von Missouri, Ohio und Andern Staaten"
"|aInventory of federal archives in the states.|cPrepared by the Survey of Federal Archives, Division of Women's and Professional Projects, Works Progress Administration. The National Archives, cooperating sponsor |aHistorical Records Survey (U.S.)"
"|aThe rostrum,|bclass of ... East Night High School |aEast Night High School (Cincinnati, Ohio)"
"|aAnnual report, bond retirement fund |aCincinnati (Ohio).|bDepartment of Finance.|bTreasury Division"
|aHamburger Beobachter
|aPan's pipers |aCincinnati Conservatory of Music
|aArchivum
|aThe Liberal.|bVerse and prose from the south
|aDer deutsche Vorkämpfer =|bThe German pioneer
|aLa Voz espanola.|cPublicado por C[lub de] E[spanol de] G[raduados] de U.C
|aBibliothek der schönen Wissenschaften und der freyen Künste
|aJungsturm|h[microform]
|aDirectory of American book specialists
"|aThe Ethnological journal |aEthnological journal (London, England : 1865-1866)"
"|aInnovative learning strategies /|cCollege Reading Improvement, International Reading Association"
|aElysian fields quarterly :|bthe baseball review
"|aKatalog der Lehranstalten der deutschen evang.-lutherischen Synode von Missouri, Ohio und anderen Staaten für das Schuljahr .. |aDeutsche Evangelisch-Lutherische Synode von Missouri, Ohio und Andern Staaten"
|aChicago White Sox media guide
|aThe Palatine immigrant
|aCollections of the Minnesota Historical Society |aMinnesota Historical Society
|aThe Cincinnati cymbal|h[manuscript.] |aAcacia Fraternity.|bUniversity of Cincinnati
"|aPublications by members of the faculty of the College of Arts and Sciences, University of Cincinnati"
|a[Studies] |aUniversity of Cincinnati.|bTanners Council Laboratory
"|aDer arme Teufel|h[microform] |aArme Teufel (Detroit, Mich.)"
"|aZeitschrift für speculative physik,|chrsg. von Schelling, 1.-2. bd"
|aAlmanac of German American societies =|bDeutsch Amerikanischer Vereins Kalender; das Jahrbuch für das gesamte Deutschamerikanertum
"|aThe Cincinnati review |aCincinnati review (Cincinnati, Ohio)"
"|aProceedings, annual meeting of the Governmental Research Association |aGovernmental Research Association (U.S.)"
|aProgress in surgical pathology
|aThe Bulletin of basic science research |aUniversity of Cincinnati.|bBasic Science Research Laboratory
|aCist's weekly advertiser
|aExceptional child education resources
|aAnnual report |aCincinnati Kindergarten Association
|aThe Masonic review
|aCatalog for the ... annual Miniature Book Exhibition |aMiniature Book Exhibition
|aCincinnati progress
"|aThe Family magazine |aFamily magazine (Cincinnati, Ohio) |aNew edition, revised and corrected"
|aAstronomy and astro-physics /|cGoodsell Observatory |aAstronomy and astro-physics (Goodsell Observatory)
|aParis 1937
|aBritannica book of the year
"|aGross-Daytoner Zeitung|h[microform] |aGross-Daytoner Zeitung (Dayton, Ohio)"
|aMedical bulletin |aUniversity of Cincinnati.|bCollege of Medicine
|aThe Emporium of arts and sciences
"|aInventory of the county archives of Utah.|cPrepared by the Utah Historical Records Survey Project, Division of Professional and Service Projects, Work Projects Administration |aHistorical Records Survey (Utah)"
|aPrimary sources & original works
"|aDie Fackel.|nJahrg. 1, T. 2-Jahrg. 2|h[microform] |aFackel (Baltimore, Md.)"
"|aAnnual report and collections of the State Historical Society, of Wisconsin, for the year . |aState Historical Society of Wisconsin"
"|aJahres-Bericht des Commissärs der Statistik, an den Gouvernör von Ohio .. |aOhio.|bSecretary of State"
|aAnnual report ... for the year ending .. |aCincinnati Music Hall Association
|aAnales del Museo Nacional de México
"|aDie Parole|h[microform] |aParole (St. Louis, Mo.)"
|aDeutsch-Amerikanischer Jugend-Freund /|cherausgegeben von der Deutschen Evang. Synode von Nord-Amerika
|aDeutscher Almanach für .
"|aThe Bookman :|ba literary journal |aBookman (New York, N.Y.)"
|aNational League green book
|aAmerika-Post
|aAcademica
|aTurner leben (North Cincinnati Turner life)
"|aThe Criterion :|ba quarterly review |aCriterion (London, England : 1928)"
|aThe key |aCollege of Music of Cincinnati
|aProtestantische Zeitblätter
|aThe Stoic
|aLibrary of aboriginal American literature
|aThe McGuffey news
|aDakota freie Presse|h[microform]
|aThe Lamp .
|aOfficial baseball register
|aCatalog |aCollege of Music of Cincinnati
"|aAgreement between University of Cincinnati and American Association of University Professors, University of Cincinnati Chapter"
|aTransition
|aFontana
"|aDer alte Germantown Calender auf das Jahr ... :|bnach der gnadenreichen Geburt unseres Herrn und Heilandes Jesu Christi, welches ein gemeines Jahr von ... Tagen ist"
|aRare books and manuscripts librarianship
|aDas Heft |aHeft (Berlin)
"|aThe Stephen Foster story /|cby Paul Green |aGreen, Paul,|d1894-1981"
|aCincinnati profiles data.|bHousing and population by census tracts. Annual update /|cby City Planning Commission PAMSS (Data services)
"|aAlumni directory /|cUniversity of Cincinnati, College of Engineering |aUniversity of Cincinnati.|bCollege of Engineering"
|aMémoires de l'Institut national des sciences et arts :|bsciences mathématiques et physiques |aInstitut national des sciences et des arts (France).|bClasse des sciences mathématiques et physiques
|aThe Little red book of major league baseball
"|aAmerican liberal|h[microform] |aAmerican liberal (Cleveland, Ohio)"
|aThe Printers' opportunity
|aDeutsche Musik-Zeitung für die Vereinigten Staaten
|aThe notice |aWriters' Program (Ohio)
|aStaden-Jahrbuch :|bBeiträge zur Brasilkunde
|aAnnual report of the directors of the University of the city of Cincinnati for the year ending . |aUniversity of Cincinnati
|aThe Amateur Ohioan
|aThe Princeton bric-à-brac
|aLes Concours d'architecture de l'année scolaire... /|cÉcole nationale des beaux-arts |aEcole nationale supérieure des beaux-arts (France)
"|aCalifornia Journal|h[microform] |aCalifornia Journal (San Francisco, Calif. : weekly)"
|aAnnual report |aCincinnati Chamber of Commerce and Merchants' Exchange
"|aThe Germ;|bthoughts toward nature in poetry, literature and art;|cbeing a facsimile reprint of the literary organ of the Pre-Raphaelite brotherhood, published in 1850, with an introduction by William Michael Rossetti"
|aJournal of the Center for Pennsylvania German Studies
"|aDas Gedicht :|bBlätter für die Dichtung |aGedicht (Hamburg, Germany : 1934)"
"|aThe Scribe |aScribe (Cincinnati, Ohio)"
"|aDer Volks-Tribun|h[microform] :|bOrgan der Deutschen Sozialreform-Association in New-York |aVolks-Tribun (New York, N.Y.)"
|aEl Corno emplumado =|bThe Plumed horn
"|aUniversal magazine and review, or, Repository of literature"
"|aThe Henckel family records :|ba periodical publication devoted to collecting and preserving the history of the Henckel family in Europe and America, 1635-1717 /|cHenckel Family Association"
|aKatholischer Hausfreund
"|aCalifornia|h[microform] |aCalifornia (San Francisco, Calif. : weekly)"
"|aDas Volksblatt|h[microform] |aVolksblatt (Cincinnati, Ohio : 1836)"
"|aReport of the directors of the McMicken University,|bto the mayor of Cincinnati for the year ending . |aMcMicken University, Cincinnati"
|aAmerican Indian art
|aStudent directory |aUniversity of Cincinnati
|aTurmalmanach der Österreichischen Kulturvereinigung auf das Jahr ..
|aNouveaux mémoires de l'Académie royale des sciences et belles-lettres :|bavec l'histoire pour la même année |aDeutsche Akademie der Wissenschaften zu Berlin
"|aStephen Collins Foster, 1826-1864 ... annual memorial program /|cpresented by the University of Pittsburgh"
"|aThe Family magazine |aFamily magazine (Cincinnati, Ohio)"
|aAmerikanischer Kalender für deutsche Lutheraner auf das Jahr ... nach der Geburt unsers Herrn Jesu Christi
|aCincinnati Reds media guide
"|aNeue unpartheyische Readinger Zeitung, und Anzeigs-Nachrichten|h[microform]"
|aJunges Drama
|aThe Cincinnati review of politics and the arts
|aSpecial publications series |aTennessee Historical Records Survey
|aVerhandlungen der General-Conferenz der Evangelischen Gemeinschaft .. |aEvangelical Association of North America.|bGeneral Conference
"|aSammlung der deutschen Abhandlungen, welche in der Königlichen Akademie der Wissenschaften zu Berlin vorgelesen worden |aDeutsche Akademie der Wissenschaften zu Berlin"
|aDer Deutsche Pionier :|bErinnerungen aus dem Pionierleben der Deutschen in Amerika
"|aThe Weekly recorder |aWeekly recorder (Chillicothe, Ohio : 1814)"
"|aWashington Journal |aWashington Journal (Washington, D.C.)"
|aThe Quarterly journal of agriculture
|aLandreth's Land- und Garten-Kalender .
"|aZeitschrift für celtische Philologie |aZeitschrift für celtische Philologie (Halle an der Saale, Germany)"
|aLe Fils du Père Duchêne
|aAnnual report |aCollege of Music of Cincinnati
|aMechanics magazine |aMechanics magazine (London : 1823)
|aDie Sonntag-Schul Glocke
"|aThe Western journal :|bof agriculture, manufactures, mechanic arts, internal improvement, commerce, and general literature"
"|aAlumni directory /|cUniversity of Cincinnati, College of Business Administration |aUniversity of Cincinnati.|bCollege of Business Administration"
"|aFreidenker|h[microform] |aFreidenker (Milwaukee, Wis. : 1875)"
|aAllgemeine deutsche Bibliothek
|aThe Miniature Book Society newsletter
|aUniversity of Cincinnati women's basketball |aUniversity of Cincinnati.|bConference USA.
|aAnnual report of the Cincinnati Chamber of Commerce and Merchants' Exchange for the commercial year ending . |aCincinnati Chamber of Commerce and Merchants' Exchange
|aThe University of Cincinnati Radio Series |aUniversity of Cincinnati
|aManuscript prices annual
|aTechnology Expo; Senior projects. |aUniversity of Cincinnati.|bOhio College of Applied Science.
"|aDas deutsche Telescop |aDeutsche Telescop (Circleville, Ohio)"
|aThe Graphic
|aThe Lutheran annual
"|aCleveland Biene|h[microform] :|bein Sonntagsblatt für Neuigkeiten, Unterhaltung und Belehrung |aCleveland Biene (1880 : Sunday edtion) |aCleveland Biene (1880 : Sunday edtion)"
|aAnnual report |aCincinnati (Ohio).|bHousing Bureau
|aMagazin für die Literatur des Auslandes
"|aJournal of the American Silk Society, and rural economist |aAmerican Silk Society"
|aStudies in Indiana German-Americana
"|aThe Free American, Deutscher Weckruf und Beobachter|h[microform] |aFree American, Deutscher Weckruf und Beobachter (New York, N.Y.)"
|aEs Elbedritsch :|bnewsletter of the Pennsylvania-German Society |aPennsylvania-German Society
|aSchema;|ba journal of research principles & methods
"|aThe applied arts review /|cpublication of the Applied Arts College, University of Cincinnati"
|aThe U.C. microcomputer monitor :|bjournal of microcomputer activity at the University of Cincinnati |aUniversity of Cincinnati.|bComputing Center
|aCanadiana Germanica.|pOccasional papers = Beihefte
|aTägliches Cincinnatier Volksblatt|h[microform]
|aBörsenblatt für den deutschen Buchhandel|h[microform]
|aWendingen;|bmaandblad voor bouwen en sieren
"|aL'Année littéraire;|bou, suite des lettres sur quelques écrits de ce temps"
|aBuilding code of the city of Cincinnati |aCincinnati (Ohio) |aBuilding code
"|aDeutsch-amerikanische Monatshefte für Literatur, Kunst, Wissenschaft und öffentliches Leben"
|aActa eruditorum anno 1682-1731 publicata ..
|aFür freies religöses Leben
|aMitteilungsblatt der Historical Society of Mecklenburg Upper Canada |aHistorical Society of Mecklenburg Upper Canada
|aIbero-Americana
|aAnglo-German and American-German crosscurrents
|aAnnual report of the adjutant-general |aOhio.|bAdjutant General's Department
"|aCapital investment program, City of Cincinnati |aCincinnati (Ohio).|bCity Manager's Office"
|aAnnual report |aUniversity of Cincinnati.|bOffice of Metropolitan Affairs
|aThe Wapakoneta daily news
|aRadikaler Geist |a2. verm. Aufl
"|aProceedings of ... Business Education Institute, Teachers College, University of Cincinnati |aUniversity of Cincinnati.|bBusiness Education Institute"
|aDi Arbayter Tsaytung|h[microform] =|bArbeiter Zeitung = Workman's paper
|aAllgemeine Zeitung|h[microform]
|aBaseball history |aBaseball history (Quarterly)
"|aAgreement between University of Cincinnati and Local 217 and 2544 of AFSCME, Ohio Council #8"
|aCytogenetics and cell genetics
|aThe Students' handbook of the University of Cincinnati |aYoung Men's Christian Association.|bCincinnati University
"|aWaldie's select circulating library |aWaldie's select circulating library (Philadelphia, Pa. : 1833)"
|aThe Wexford herald|h[microform]
|aThe Beaver
"|aThe North Briton.|bWith several useful and explanatory notes, not printed in any former edition ... Cor. and rev. by a friend to civil and religious liberty"
"|aEvangelisches, historisches Jahrbuch :|bfür alle deutschen Confessionen Amerika's [sic]"
|aCincinnati bearcats track and field
|aObservationvm selectarvm ad rem litterariam spectantivm
|aBulletin /|cLowell Observatory |aBulletin (Lowell Observatory)
|aFestschrift zum ... Sängerfest des Texanischen Gebirgs- Sängerbundes |aTexanischer Gebirgs Sängerbund
"|aLa Jeunesse :|bjournal litteraire, paraissant le samedi"
|aUC research
|aBulletin of the Philosophical Society of Washington |aPhilosophical Society of Washington
"|aDeutsch-Amerikanische Monatsheft für Politik, Wissenschaft und Literatur"
"|aNew-Yorker belletristisches Journal|h[microform] |aBelletristisches Journal (New York, N.Y.)"
"|aDirectory of criminal justice information sources /|cNational Criminal Justice Reference Service; [prepared for the National Institute of Justice, U.S. Department of Justice by Aspen Systems Corporation]"
|aMemoirs of the Historical Society of Pennsylvania |aHistorical Society of Pennsylvannia
"|aAmerican state papers.|bDocuments, legislative and executive, of the Congress of the United States ...|cSelected and edited under the authority of Congress |aUnited States.|bCongress"
|aJahrbuch der Deutschen in Chicago fur das jahr -
|aSchriftenreihe der Charles-Sealsfield-Gesellschaft
"|aVölkerbund :|bthe disarmament conference |aVölkerbund (Geneva, Switzerland)"
"|a[A collection of theses on interior design|csubmitted by members of the Senior class of the College of Design, Architecture, Art and Planning, University of Cincinnati] |aUniversity of Cincinnati.|bCollege of Design, Architecture, Art and Planning"
|aCollegiate microcomputer
|aThe software encyclopedia
|aLeaflets of memory
|aDer Deutsche in Amerika :|bFamilienkalender mit Illustrationen für das Jahr ... : ein Jahrbuch für Unterhaltung sowie wissenswerte Information
"|aNewsletter /|cPastorius Home Association, Inc |aNewsletter (Pastorius Home Association, Inc.)"
|aContributions to education |aContributions to education (University of Chicago)
"|aReport and collections of the State Historical Society of Wisconsin, for the years . |aState Historical Society of Wisconsin"
|aIn :|bGerman-American cultural review /|cInter Nationes
|aA tempo
|aAdressbuch Deutsch-Amerikanischer Vereine und Gesellschaften in den USA
"|aThe Monograph series,|brecords of early American architecture"
|aAllgemeine Literatur-Zeitung
"|aHistoire de l'Académie royale des sciences et des belles-lettres de Berlin :|bavec les mémoires pour la même année, tirez des registres de cette Academie |aDeutsche Akademie der Wissenschaften zu Berlin"
|aThe Anglo-Saxon review
|aThe Journal /|cGerman-Texan Heritage Society |aJournal (German Texan Heritage Society (Tex.))
|aUC lifelong learning newsletter
"|aAlmanack for ... /|cby Kate Greenaway |aGreenaway, Kate,|d1846-1901 |aAlmanack for ... (London : 1883)"
"|aCincinnati Volksfreund|h[microform] |aCincinnati Volksfreund (Cincinnati, Ohio : 1850)"
|aRundschau-Bibliothek
|aTägliches Volksblatt|h[microform]
|aThe Brocade series
|aStraussfedern
|aRiver basin surveys papers /|cInter-Agency Archeological Salvage Program
|aMcMicken scholars yearbook
|aValentine's manual of the city of New York
|aABPC on CD-ROM|h[electronic resource]
|aIndiana German Heritage Society newsletter
"|aPionier :|bIllustrierter Volks-Kalendar |aPionier (New York, N.Y.)"
|aThe Alumna
|aNeuer gemeinnütziger Pennsylvanischer Calender auf das Jahr unseres Heilandes Jesu Christi .
|aTowpaths
|aPublicité |aArts et métiers graphiques
|aThe Antiquarian and general review
"|aNova acta eruditorum,|banno 1732-1776 publicata.."
|aMusic research forum
|aExpress und Westbote Kalender fur das Jahr ..
"|aL'Opinion du parterre, ou Revue de tous les théatres de Paris"
|aDas Jahrbuch des Nationalen Deutschamerikanischen Lehrerseminars
|aRetort.|c[A magazine published by students of the University of Cincinnati]
|aThe Young mechanic
|aAnnual catalogue of the Technical School of Cincinnati |aTechnical School of Cincinnati
|aAnnual report of the director of the Cincinnati Observatory |aCincinnati Observatory (Ohio)
|aUniversity of Cincinnati office and telephone directory |aUniversity of Cincinnati
|aThe Sun
|aBaird's manual of American college fraternities
|aMunicipal activities |aCincinnati (Ohio).|bCity Manager's Office
"|aThe Western monthly magazine, and literary journal"
|aBaseball America's ... almanac
|aTrans-Lit2
|aGadelica :|ba journal of modern-Irish studies |aAssociation of Modern-Irish Studies
"|aWeltpost :|bBlätter für deutsche Auswanderung, Colonisation und Weltverkehr"
"|aEintracht|h[microform] |aEintracht (Chicago, Ill.)"
"|aMilwaukee-Herold Sonntagspost|h[microform] |aMilwaukee-Herold Sonntagspost (Winona, Minn. : 1937)"
|aProfile
"|aGerman American annals...,|bdevoted to the comparative study of the historical, literary, linguistic, educational and commercial relations of Germany and America"
|aHoliday
|aCincinnati bearcats women's soccer media guide
|aAnnual review of the commerce of Cincinnati |aCincinnati (Ohio).|bChamber of Commerce and Merchants' Exchange
"|aAnnual report :|bDrug and Poison Information Center |aDrug and Poison Information Center (Cincinnati, Ohio)"
"|aWilliams' Cincinnati directory, city guide and business mirror"
"|aDeutsch-Amerikanische Bürger-Zeitung [microform] |aDeutsch-Amerikanische Bürger-Zeitung (Forest Park, Ill.)"
|aAmerican Indian art magazine
|aAnnual commencement |aUniversity of Cincinnati
|aSmithsonian contributions to knowledge
"|a[Minutes of meetings, treasurers' reports, committee reports, etc.] |aUniversity of Cincinnati.|bWoman's Club"
|aScientific proceedings of the Ohio Mechanics' Institute |aOhio Mechanics' Institute
|aAlumni directory /|cUniversity of Cincinnati |aUniversity of Cincinnati.|bAlumni Association
|aDer Lutherische Kalender auf das Jahr unseres Heilandes .
"|aMilwaukee-Herold|h[microform] |aMilwaukee-Herold (Milwaukee, Wis. : 1918)"
|aBulletin |aUniversity of Cincinnati.|bFine Arts Collection
|aBulletin |aUniversity of Cincinnati
|aNew York state bar journal
"|aThe Mechanic's register; or, Journal of the useful arts, trades, manufactures, science, &c., &c"
"|aDeutscher Weckruf und Beobachter, The free American|h[microform] |aDeutscher Weckruf und Beobachter, The free American (New York, N.Y.)"
|aAnnual report |aInstitute for Research and Training in Higher Education
|aDer alte Hickory
|aTransactions of the Commonwealth Club of California |aCommonwealth Club of California
|aInventory list of archival collections |aLeo Baeck Institute
|aThe Burnet Woods echo
|aThalia.|cHerausgegeben von Schiller
|aNeue Thalia
|aAnnual report |aCincinnati Board of Education (Ohio)
|aNewsletter of the Society for German-American Studies
|aUniversity of Cincinnati enrollment statistics |aUniversity of Cincinnati.|bOffice of Student Records
|aJournal of German-American studies
|aCollections of the Kansas State Historical Society |aKansas State Historical Society
|aThe APHA letter /|cAmerican Printing History Association
|aDevelopment report |aUniversity of Cincinnati
|aAnnual catalogue of officers and students.. |aLane Theological Seminary
|aThe New records
|aBlätter für freies religiöses Leben
|aThe school bell
|aBaseball register
"|aVorwärts|h[microform] |aVorwärts (New York, N.Y. : 1892)"
|aThe Ohio archivists newsletter /|cSociety of Ohio Archivists
"|aTimeline :|ba publication of the Ohio Historical Society |aTimeline (Columbus, Ohio)"
|aTexas historischer Kalender für das Jahr =|bTexas historical almanac
|aTransactions of the annual meetings of the Western Literary Institute and College of Professional Teachers |aWestern Literary Institute and College of Professional Teachers
"|aArbeiter-Stimme|h[microform] |aArbeiter-Stimme (Vienna, Austria)"
|aDer Deutsche kulturtraeger;|bmonatsschrift für die kulturarbeit des germanentums duetscher zunge
"|aCincinnati Kurier|h[microform] |aCincinnati Kurier (Cincinnati, Ohio)"
|aThe college lion |aCollege of Music of Cincinnati
|aMagasin pittoresque
|aThe Cincinnati Legal Directory
|aDirectory of professional interests and capabilities
"|aA Catalogue [of the officers and students of the Cincinnati College,|bin its medical, law and academical departments ... ] |aUniversity of Cincinnati"
|aWilliams' Cincinnati business directory
|aGesprächsfetzen
|aThe applied arts annual /|cUniversity of Cincinnati
"|aThe National magazine.|bA journal devoted to American history.|nNov. 1891- Oct. 1892 |aNational magazine (New York, N.Y. : 1891)"
|aCincinnati bearcats women's golf
"|aThe annual |aWest Night High School (Cincinnati, Ohio)"
"|aClevelander Herold|h[microform] |aClevelander Herold (Cleveland, Ohio)"
|aNeue allgemeine deutsche Bibliothek
|aCincinnati Reds media fact book
"|aThe Colored citizen |aColored citizen (Cincinnati, Ohio : 1863)"
|aCommencement |aUniversity of Cincinnati.|bCollege of Medicine
"|aThe Pennsylvania Dutchman |aPennsylvania Dutchman (Lancaster, Pa. : 1949)"
|aTaschenbuch für Aufklärer und Nichtaufklärer auf das Jahr 
|aThe News-letter of the LXIVMOS
|aNew books in the library
|aJahrbuch des Verbands deutscher Schriftsteller in Amerika
|aSänger-Zeitung|h[microform]
|aInternational journal of oral history
|aAnnual report |aCivic Club of Allegheny County (Pa.)
|aThe Lark
"|aDekorative Vorbilder :|beine Sammlung von figürlichen Darstellungen, kunstgewerblichen Verzierungen,  plastischen Ornamenten, dekorativen Tier- und Pflanzen-typen, Allegorieen, heraldischen Motiven,  Traphäen, etc.|cfür Zeichner, Maler, graphische Künstler, Dekorateure, Bildhauer, Architekten"
|aArchaeologia Americana :|btransactions and collections of the American Antiquarian Society |aAmerican Antiquarian Society
|aOhio almanac
|aThe Echo;|bthe annual publication of West night high school
|aJayne's medizinischer Calender und Gesundheits-Wegweiser .
"|aMuseum :|bBlätter für Literatur, Kunst, und Tagesgeschichte |aMuseum (New York, N.Y)"
"|aThe Rostrum |aSummit Country Day School (Cincinnati, Ohio)"
|aHuman rights directory
|aHarper's weekly
|aMusen-Almanach für das Jahr ..
|aMetro Conference :|bwomen's basketball yearbook
|aThe Bearcat book
|aThe SABR review of books
|aCincinnati bearcats golf
|aIllustrierte Jugendblätter
"|aNew-Yorker Criminal-Zeitung und Belletristisches Journal|h[microform] |aBelletristisches Journal (New York, N.Y.)"
|aPerspectives :|bthe University Libraries newsletter
|aThe German correspondent
"|aThe Optimist |aOptimist (Cincinnati, Ohio)"
|aEulenspiegel
|aCobblestone
"|aThe Analectic magazine,|bcomprising original reviews, biography, analytical abstracts of new publications, translations from French journals, and selections from the most esteemed British review"
|aThe New colophon;|ba book collector's miscellany
|aDas neue Leben :|bdeutschamerikanische Jugendzeitung
|aAnnual report of the Charlotte R. Schmidlapp Fund |aCharlotte R. Schmidlapp Fund
|aEstreno
"|aMnemonic /|cMadeira High School |aMadeira High School (Cincinnati, Ohio)"
"|aBulletin of the Historical Society of Montgomery County, Pennsylvania |aHistorical Society of Montgomery County"
|aAnnual report of the chief engineer of the Cincinnati Fire Department |aCincinnati (Ohio).|bFire Department
"|aAnnual reports in inorganic and general syntheses |aNiedenzu, Kurt"
|aKatholisches schulblatt.|cMonatsschrift für volkserziehung und volksunterricht. Unter mitwirkung von geistlichen und weltlichen schulmännern. Hrsg. von Jos. A. Hemann
|aJahresbericht der Deutschen Gesellschaft von Pennsylvanien |aGerman Society of Pennsylvania
|aBulletin |aUniversity of Cincinnati.|bCollege-Conservatory of Music
|aReport |aUniversity of Cincinnati.|bInstitute of Governmental Research
|aAnnual report of the Board of Trustees of the Sinking Fund to the Council of the City of Cincinnati |aCincinnati (Ohio).|bBoard of Trustees of the Sinking Fund
|aVerhandlungen der ... Versammlung der Evang.-Luth. Synodalkonferenz von Nord-Amerika . |aEvangelical Lutheran Synodical Conference of North America
|aJournal of the American Geographical Society of New York |aAmerican Geographical Society of New York
"|aSaturday review of politics, literature, science and art"
"|aLe Spectateur français au XIXme siècle,|bou variétés morales, politiques et littéraires, recueillies des meilleurs écrits périodiques"
|aBookman
|aDer Abendpost Kalender .
|aAnnual report |aGreater Cincinnati Bicentennial Commission
|aIndex to the English catalogue of books
|aBulletin of Kentucky Department of Education
"|aReports and papers of the research laboratory of the Tanners' Council of America, Inc., at the University of Cincinnati |aTanners' Council of America.|bDept. of Leather Research"
"|aExcerpta medica.|nSection 27,|pBiophysics, bioengineering and medical instrumentation"
|aChronicle two-year college databook
|aAmerica:|bthe national Catholic weekly
"|aReport from the Fund for the Advancement of Education, New York |aFund for the Advancement of Education (U.S.)"
|aSociety for German American Studies newsletter
|aNeue Volks-Zeitung|h[microform]
|aFreidenker-Almanach für das Jahr .
|aDer Maibaum :|bthe Deutschheim Association newsletter = Deutschheim Verein Rundschreiben
|aConnect :|bjournal of departmental computing at the University of Cincinnati |aUniversity of Cincinnati.|bComputing Center
|aInformation guide |aCincinnati Reds (Baseball team)
"|aWho's who?|bA society register containing the names of Cincinnati families, with a few historical suggestions and genealogical references"
|aThe New Scribe.|cPublished by the Aspirants of the University of Cincinnati
"|aDer Wahrheits-Freund /|cherausgegeben von einem Waisen-Vereine in Cincinnati, Hamilton Cty, Ohio"
|aDer Reformer
|aClifton
|aCollege comments :|cofficial publication of the student assembly of the College of Music of Cincinnati |aCollege of Music of Cincinnati
|aAl-munir.|bAnnual of the University of Cincinnati.|cPublished by the Zeta Psi Chapter of Sigma Chi Fraternity
|aJournals of the House of Commons of the Kingdom of Ireland |aIreland.|bParliament.|bHouse of Commons
|aThe Thespian magazine and literary repository
|aStudent handbook /|cUniversity of Cincinnati |aUniversity of Cincinnati.|bOffice of the Vice Provost for Student Affairs
|aJahrbuch der Neu-Braunfelser Zeitung fuer .
"|aCalifornia Staats-Zeitung|h[microform] |aCalifornia Staats-Zeitung (San Francisco, Calif. : weekly)"
"|aThe Bugle |aBugle (Cincinnati, Ohio)"
|aCatalogue /|cBernard Quaritch Ltd |aBernard Quaritch (Firm)
|aJahrbuch des Reichsarbeitsdienstes |aGermany.|bReichsarbeitsdienst
|aReport /|cSwiss-American Historical Society |aSwiss-American Historical Society
|aWochenblatt des N. Y. Journal
"|aDie Biene|h[microform] :|bein Sonntagsblatt für Neuigkeiten, Unterhaltung und Belehrung |aBiene (Cleveland, Ohio : 1875? : Sunday edition)"
|aNast's illustrated almanac
|aDeutscher Hausschatz
|aSängerbote :|blyrisches Quartalheft
|aAbhandlungen der Königlichen Akademie der Wissenschaften in Berlin |aDeutsche Akademie der Wissenschaften zu Berlin
|aHerold=Kalender für das jahr .
|aOhio magazine
"|aDie Reform|h[microform] |aReform (New York, N.Y. : 1853)"
"|aAmerikanischer Botschafter |aAmerikanischer Botschafter (New York, N.Y.)"
"|aAtlantis.|bEine Monatsschrift für Wissenschaft, Politik und Poesie"
|aBibliographie von Deutschland
|aCincinnati bearcats men's tennis media guide
|aVorwärts-Kalender fur? das Jahr Unseres Herrn
|aBook-lore :|ba magazine devoted to old time literature
|a[Scores of the Fresh Paint musical comedy productions] |aFresh Painters of the University of Cincinnati
|aNewsletter Indiana German Heritage Society
|aWorld guide to special libraries =|bInternationales Handbuch der Spezialbibliotheken
|aInternational petroleum encyclopedia
|aManual training |aTechnical School of Cincinnati
|aFilson Club publications
|aThe Gaelic journal =|bIrislea?ar na ?ae?ilge
|aTalaria
"|aGesamtregister zum Deutschen Familienarchiv /|cvon Heinz F. Friederichs |aFriederichs, Heinz F.|q(Heinz Friedrich)"
|aFriedr. Gerhard's illustirter Familien-Kalender für .
|aReport |aCincinnati Metropolitan Housing Authority
"|aThe Oriental annual, or, Scenes in India"
|aCincinnati clubwoman's register
|aS.A.E. transactions |aSociety of Automotive Engineers
|aOhio historical collections /|cOhio State Archaeological and Historical Society
"|aJahrbuch der Auktionspreise für Bücher, Handschriften und Autographen :|bErgebnisse der Auktionen in Deutschland, Holland, Östereich und der Schweiz"
|aThe Adelphi
"|aNouvelles ephemerides economiques, ou, Bibliothèque raisonnée de l'histoire, de la morage et de la politique"
|aDer Turm
