"|aAssociation of Collegiate Schools of Planning records,|f1999-2002 |aAssociation of Collegiate Schools of Planning (U.S.)"
"|aEugene L. Saenger Archival Collection,|f1971-2000 |aSaenger, Eugene L"
"|aResident Education and Development records,|f1975-2009 |aUniversity of Cincinnati.|bResident Education and Development"
"|aUnquotes Club records,|f1947-1997 |aUnquotes Club"
"|aCollege of Music of Cincinnati, CCM Historical Records,|f1878-1955 |aCollege of Music of Cincinnati"
"|aPaul Herget papers,|f1935-1987 |aHerget, Paul,|d1908-"
"|aElizabeth Petuchowski Collection of Wolfgang Hildesheimer Material,|f1955-1994 |aPetuchowski, Elizabeth"
"|aAssociation of Women Administrators Secretary's Files,|f1973-1978 |aAssociation of Women Administrators"
"|aAlpha Chi Omega. Alpha Delta Chapter (University of Cincinnati) records,|f1919-1987 |aAlpha Chi Omega.|bAlpha Delta Chapter (University of Cincinnati)"
"|aCollegiate Enrollment Surveys,|f1931-1972 |aWalters, Raymond,|d1885-1970"
"|aGeorge H. Acheson Papers,|f1912 |aAcheson, George H"
"|aUniversity of Cincinnati, Resident Education and Development Student Affairs Records,|f1979-2012 |aUniversity of Cincinnati.|bResident Education and Development"
"|aDry Dredger records,|f1960-2002 |aDry Dredgers"
"|aGert Niers Collection,|f1869-1993 |aNiers, Gert,|d1943-"
"|aGilbert Bettman papers,|f1894-1950 |aBettman, Gilbert,|d1881-1942"
"|aAssociation of Women Administrators records,|f1975-1996 |aUniversity of Cincinnati.|bAssociation of Women Administrators"
"|aMiddletown (Ohio). City Board Meeting Minutes,|f2001-2008 |aMiddletown (Ohio)"
"|aUniversity College/College of Applied Science Business Technologies Department records,|f1994-2007 |aUniversity of Cincinnati.|bCollege of Applied Science.|bBusiness Technologies Department"
"|aAnthony F. Grasha papers,|f1972-2002 |aGrasha, Anthony F"
"|aIndependent Voters of Ohio/Americans for Democratic Action, Cincinnati Chapter Records,|f1968-1983 |aIndependent Voters of Ohio/Americans for Democratic Action.|bCincinnati Chapter"
"|aAmerican Civil Liberties Union Cincinnati Chapter records,|f1976-1983 |aAmerican Civil Liberties Union.|bCincinnati Chapter"
"|aCitizens Forum on Self-Government/National Municipal League records,|f1893-1940 |aCitizens Forum on Self-Government/National Municipal League"
"|aCincinnati Human Relations Commission records,|f1943-2013 |aCincinnati Human Relations Commission"
"|aGilbert Bettman papers,|f1848-1946 |aBettman, Gilbert,|d1881-1942"
"|aDavid McLain and David Blackburn Program Collection,|f1940-1981 |aMcLain, David"
"|aCarl Mills papers,|f1968-2000 |aMills, Carl,|d1942-"
"|aUniversity of Cincinnati, College of Law Records,|f1960-2009 |aUniversity of Cincinnati.|bCollege of Law"
"|aUniversity of Cincinnati, College of Design, Architecture, Art & Planning Student Affairs Records,|f1970-2005 |aUniversity of Cincinnati.|bCollege of Design, Architecture, Art & Planning.|bStudent Affairs Office"
"|aNelson and Florence Hoffman Cincinnati Postcard Collection,|f1788-2010 |aHoffman, Nelson"
"|aSeven Hills School records,|f1966-2014 |aSeven Hills School (Cincinnati, Ohio)"
"|aChildren's Hospital Medical Center Public Relations Collection,|f1963-1984 |aChildren's Hospital Medical Center (Cincinnati, Ohio)"
"|aEslie Asbury Family Archival Collection,|f1912-2008 |aAsbury, Eslie"
"|aRichard Butsch 1960s Engineering Collection,|f1925-1967 |aButsch, Richard,|d1943-"
"|aSaengerfest collection,|f1924-1931 |aSchmidt, Charles G.,|d-1930"
"|aEugene P. Ruehlmann added papers,|f1927-2013 |aRuehlmann, Eugene P"
"|aH.H. Fick German-Americana Unpublished Pamphlets Collection,|f1883-1920 |aFick, H.H.|q(Henry H.)|d1849-1935"
"|aCincinnati AFL-CIO Labor Council collection of The CIO News,|f1948-1951 |aAFL-CIO.|bCincinnati Labor Council"
"|aMildred Muegel College of Music Diploma,|f1931 |aMuegel, Mildred Gibson"
"|aUniversity of Cincinnati, Criminal Justice Department Reports,|f1988 |aUniversity of Cincinnati.|bDepartment of Criminal Justice"
"|aDorothy Stolzenbach Payne papers,|f1926-1989 |aPayne, Dorothy Stolzenbach"
"|aUniversity of Cincinnati, College of Law records |aUniversity of Cincinnati.|bCollege of Law"
"|aBenjamin L. Askue Archival Collection,|f1851-1952 |aAskue, Benjamin L.|d1833-1906"
"|aBobbie Sterne Papers,|f1969-1999 |aSterne, Bobbie"
"|aCincinnati General Hospital, Architectural Specifications,|f1935-1957 |aCincinnati General Hospital"
"|aNational Association of Letter Carriers (U.S.), Ohio State Association records,|f1898-1973 |aNational Association of Letter Carriers (U.S.).|bOhio State Association"
"|aUniversity of Cincinnati, Student Affairs and Services Right to Know Reports,|f1997-2011 |aUniversity of Cincinnati.|bStudent Affairs and Services"
"|aUniversity of Cincinnati Libraries, Reference Department Records,|f1977-1995 |aUniversity of Cincinnati.|bLibraries.|bReference Department"
"|aGaylord Oscar Shepherd Collection of Strobridge Lithography Company Calendar Cards,|f1896-1912 |aShepherd, Gaylord Oscar"
"|aNorth Central Association Accreditation Documents, University of Cincinnati Libraries,|f1999 |aUniversity of Cincinnati.|bLibraries"
"|aNational Association of Letter Carriers (U.S.). Branch 43 (Cincinnati, Ohio) records,|f1909-1975 |aNational Association of Letter Carriers (U.S.).|bBranch 43 (Cincinnati, Ohio)"
"|aUniversity of Cincinnati, College of Law, 1963 Marx Law Library Cornerstone Time Capsule records,|f1835-1963|g(bulk 1933-1953) |aRobert S. Marx Law Library"
"|aCincinnati Ballet records,|f1986-2002 |aCincinnati Ballet"
"|aOhio Gravestone Art Collection,|f1976-1978 |aHeishman, Eleanor"
"|aUniversity of Cincinnati, Woman's Club records,|f1983-1996 |aUniversity of Cincinnati.|bWoman's Club"
"|aTangeman University Center records,|f1918-2004 |aUniversity of Cincinnati.|bTangeman University Center"
"|aMiriam Dyson papers,|f1929-1936 |aDyson, Miriam"
"|aMarian Alexander Spencer and Donald Spencer Papers,|f1935-2016 |aSpencer, Marian Alexander"
"|aHoward A. Stafford papers,|f1965-2005 |aStafford, Howard A"
"|aUniversity of Cincinnati, Office of the President records and objects,|f2003-2015 |aUniversity of Cincinnati.|bOffice of the President"
"|aCincinnati Urban Change Photographs,|f1914-1965"
"|aUniversity of Cincinnati Libraries newsletters and photographs,|f1981-2001 |aUniversity of Cincinnati.|bLibraries"
"|aUniversity of Cincinnati accreditation records,|f1998-1999 |aUniversity of Cincinnati.|bOffice of the Vice Provost for Academic Affairs"
"|aGeorge J. Heuer Collection,|f1911-1946 |aHeuer, George J.|q(George Julius),|d1882-"
"|aMiniature Book Research collection,|f1980-2015 |aPalkovic, Mark,|ecollector"
"|aUniversity of Cincinnati, University Architect records,|f1990-1999 |aUniversity of Cincinnati.|bUniversity Architect"
"|aCincinnati Artists Group Effort (CAGE) records,|f1985-1995 |aCincinnati Artists Group Effort (Firm)"
"|aAlbert B. Sabin Papers,|f1930-1993|g(bulk 1939-1969) |aSabin, Albert B.|q(Albert Bruce),|d1906-1993"
"|aUniversity of Cincinnati, University Architect records,|fcirca 20th century |aUniversity of Cincinnati.|bUniversity Architect"
"|aIndependent Voters of Ohio/Americans for Democratic Action, Cincinnati Chapter records,|f1968-1972 |aIndependent Voters of Ohio/Americans for Democratic Action.|bCincinnati Chapter"
"|aUniversity of Cincinnati, Office of Public Relations Newspaper Clippings,|f2005-2006 |aUniversity of Cincinnati.|bOffice of Public Relations"
"|aUniversity of Cincinnati, University Architect records,|f1994-1996 |aUniversity of Cincinnati.|bUniversity Architect"
"|aRansohoff and Weiss Family Archival Collection,|f1906-1996 |aRansohoff family"
"|aWolff Festschriften imprint collection,|f1931-1976 |aWolff Standard Printing Works (Covington, Kentucky)"
"|aNuveen Collection,|f1947-1969 |aUniversity of Cincinnati.|bDepartment of Classics"
"|aEugene P. Ruehlmann papers,|f1956-1969 |aRuehlmann, Eugene P"
"|aUniversity of Cincinnati, Office of the President, Monica Rimai Speeches,|f2009 |aUniversity of Cincinnati.|bOffice of the President"
"|aThe Nature Conservancy, Ray M. Culter papers,|f1997-1999 |aCulter, Ray M"
"|aAssociation for Women Administrators newsletter,|f1974-1989 |aUniversity of Cincinnati.|bAssociation for Women Administrators"
"|aFrank E. Detrick Collection,|f1901-1939 |aDetrick, Frank E"
"|aWilliam A. Hopple papers, Cincinnati Zoo Collection,|f1960-1979 |aHopple, William A"
"|aW.D. Aeschbacher papers,|f1969-1976 |aAeschbacher, W. D.|q(William Driver),|d1919-1998"
"|aEarle E. Eubank papers,|f1930-1939 |aEubank, Earle Edward,|d1887-1945"
"|aCincinnati Department of Health, Birth and Death records,|f1865-1908 |aCincinnati (Ohio).|bHealth Department"
"|aInternational Brotherhood of Painters & Allied Trades. Local 308 (Cincinnati, Ohio) records,|f1902-1967 |aInternational Brotherhood of Painters and Allied Trades.|bLocal 308 (Cincinnati, Ohio)"
"|aMyrl E. Bottomley Papers,|f1926-1956 |aBottomley, Myrl Elijah,|d1894-1956"
"|aRobert E Cazden Papers,|f1798-1999 |aCazden, Robert E.|q(Robert Edgar),|d1930-2002"
"|aSeven Hills School, Lotspeich records,|f1953-2004 |aSeven Hills School (Cincinnati, Ohio)"
"|aNoel Martin papers,|f1948-2008 |aMartin, Noel"
"|aUniversity of Cincinnati, Institute of Governmental Research,|f1925-1981 |aUniversity of Cincinnati.|bInstitute of Governmental Research"
"|aUniversity of Cincinnati, College of Applied Science, Dean's Office records,|f1972-2007 |aUniversity of Cincinnati.|bCollege of Applied Science.|bDean's Office"
"|aUniversity of Cincinnati accreditation records,|f1959-1999 |aUniversity of Cincinnati"
"|aMaurice Levine papers,|f1948-1971 |aLevine, Maurice,|d1902-1971"
"|aAnna Gilchrist Strong papers,|f1917-1927 |aStrong, Anna Gilchrist"
"|aAmerican Association of University Professors, University of Cincinnati Chapter records,|f1975-2001 |aAmerican Association of University Professors.|bUniversity of Cincinnati Chapter"
"|aUniversity of Cincinnati, College-Conservatory of Music publications,|f1986-2008 |aUniversity of Cincinnati.|bCollege-Conservatory of Music"
"|aEarl A. Shunk papers,|f1914-1956 |aShunk, Earl A"
"|aLouise Shropshire family papers,|f1921-2002 |aShropshire, Louise"
"|aNetwellness Collection,|f1994-2004 |aNetwellness"
"|aIra A. Abrahamson Archival Collection,|f1930-2011 |aAbrahamson, Ira A.,|d1924-"
"|aThe Peacemaker collection,|f1949-1992 |aPeacemaker Movement"
"|aCresap Report to the University of Cincinnati,|f1988 |aCresap (Firm)"
"|aMiriam Irwin Collection of Margaret Neilson Armstrong Book Design,|f1890-1940 |aArmstrong, Margaret,|d1867-1944"
"|a[Stephen C. Foster collection] |aFoster, Stephen Collins,|d1826-1864"
"|aDorothy Nichols Dolbey papers,|f1940-1974 |aDolbey, Dorothy Nichols"
"|aMyron Bush papers,|f1963-1978 |aBush, Myron"
"|aOhio Board of Regents records,|f1966-1975 |aOhio Board of Regents"
"|aNature Conservancy, Ray M. Culter papers,|f1981-2006 |aCulter, Ray M"
"|aCincinnati Ballet records,|f1960-2009 |aCincinnati Ballet"
"|aCincinnati Observatory Records,|f1842-1970 |aCincinnati Observatory (Ohio)"
"|aCincinnati Ohio Board of Park Commissioners Photograph Collection,|f1900-1970 |aCincinnati (Ohio).|bBoard of Park Commissioners"
"|aDry Dredger records,|f1985-1995 |aDry Dredgers"
"|aNature Conservancy, Ray M. Culter papers,|f2000-2002 |aCulter, Ray M"
"|aEsther Zocher Freese papers,|f1919-1961 |aFreese, Esther Zocher"
"|aUniversity of Cincinnati, Department of Philosophy Records,|f1970-2010 |aMcMicken College of Arts and Sciences.|bDepartment of Philosophy"
"|aArthur C. Bachmeyer Archival Collection,|f1908-1975 |aBachmeyer, Arthur C.|q(Arthur Charles),|d1886-1953"
"|aCity of Cincinnati, Clerk of Council Annexation Proceedings and City, Township and Village records,|f1802-1957 |aCincinnati (Ohio).|bClerk of Council"
"|aFairview German Bilingual School records,|f1974-1988 |aFairview German Bilingual School"
"|aUniversity of Cincinnati Athletic Department publications,|f1951-2002 |aUniversity of Cincinnati.|bAthletics Department"
"|aBearcat Bands records,|f1954-1996 |aUniversity of Cincinnati.|bBearcat Bands"
"|aJayne Merkel papers,|f1960-1990 |aMerkel, Jayne"
"|aUniversity of Cincinnati, Department of Chemistry records,|f1973-2004 |aUniversity of Cincinnati.|bDepartment of Chemistry"
"|aNational Underwriter Company records,|f1897-2003 |aNational Underwriter Company"
"|a9 to 5, National Association of Working Women. University of Cincinnati Chapter records,|f1972-1992 |a9 to 5, National Association of Working Women (U.S.).|bUniversity of Cincinnati Chapter"
"|aMemorial Hall Renovation Records,|f1972-1980 |aMemorial Hall (Cincinnati, Ohio)"
"|aJohn DeCamp papers,|f1925-1962 |aDeCamp, John"
"|aUniversity of Cincinnati, College-Conservatory of Music Programs,|f2011-2013 |aUniversity of Cincinnati.|bCollege-Conservatory of Music"
"|aGreek Affairs records,|f1915-1988 |aUniversity of Cincinnati.|bGreek Affairs Office"
"|aEarly Childhood Education Distance Learning Courses records,|fcirca 1970-2000 |aUniversity of Cincinnati.|bCollege of Education, Criminal Justice, and Human Services"
"|aEnoch Terry Carson Shakespeariana Collection,|f1749-1891 |aCarson, Enoch Terry,|d1822-1899"
"|aRaymond Walters College, College Relations records,|f1990-2009 |aRaymond Walters General and Technical College.|bCollege Relations Office"
"|aCincinnati House of Refuge records,|f1869-1911 |aCincinnati House of Refuge"
"|aUniversity of Cincinnati, Facilities Management Department Records,|f1972-2013 |aUniversity of Cincinnati.|bFacilities Management Department"
"|aForest Park (Hamilton County, Ohio), City Council Minutes,|f1961-1991 |aForest Park (Hamilton County, Ohio).|bCity Council"
"|aMusic Teachers National Association records,|f2005-2015 |aMusic Teachers National Association"
"|aUniversity of Cincinnati College of Education Teacher Certification records,|f1987 |aUniversity of Cincinnati.|bCollege of Education"
"|aArthur Herndon Papers,|f1932-2009 |aHerndon, Arthur"
"|aOhio River Dam Project records,|f1919-1950 |aOhio River Dam Project"
"|aMiddletown (Ohio), Board, Commission, and Council minutes,|f2000-2004 |aMiddletown (Ohio)"
"|aAfro-American Studies Department, Oral History Project, Black Cincinnatians in the 20th Century,|f1975-1976 |aUniversity of Cincinnati.|bAfro-American Studies Department"
"|aCincinnati Artists Group Effort (CAGE) records,|f1978-1992 |aCincinnati Artists Group Effort (Firm)"
"|aCollege-Conservatory of Music, Showboat Majestic Brochures and Flyers,|f1969-1980 |aUniversity of Cincinnati.|bCollege-Conservatory of Music"
"|aDale Warland Singers records,|f1971-2004 |aDale Warland Singers"
"|aMaita Faye Levine papers,|f1972-2005 |aLevine, Maita Faye,|d1930-"
"|aCenter for Peace Education Records,|f1979-2009 |aCenter for Peace Education (Cincinnati, Ohio)"
"|aMcMicken College of Arts & Sciences, Charles Phelps Taft Memorial Fund Meeting Minutes,|f1930-1980 |aUniversity of Cincinnati.|bCharles Phelps Taft Memorial Fund"
"|aAction Housing for Greater Cincinnati records,|f1953-1974 |aAction Housing for Greater Cincinnati"
"|aUniversity of Cincinnati, College of Business, Office of the Dean records,|f1984-2006 |aUniversity of Cincinnati.|bCollege of Business Administration.|bOffice of the Dean"
"|aPaul Hoxworth papers,|f1944-1969 |aHoxworth, Paul Irwin"
"|aAssociation for Administrative and Professional Women records,|f1994-2002 |aUniversity of Cincinnati.|bAssociation of Administrative and Professional Women"
"|aNational Association of Letter Carriers (U.S.), Branch 43 (Cincinnati, Ohio) records,|f1878-1949 |aNational Association of Letter Carriers (U.S.).|bBranch 43 (Cincinnati, Ohio)"
"|aRoger Daniels Papers,|f1960-1997 |aDaniels, Roger"
"|aUniversity of Cincinnati, Department of History records,|f1961-1977 |aMcMicken College of Arts and Sciences.|bDepartment of History"
"|aUniversity of Cincinnati, College of Nursing and Health records,|f1940-2004 |aUniversity of Cincinnati.|bCollege of Nursing"
"|aJames B. and John J. McNamara papers,|f1905-1961 |aMcNamara, James B.|q(James Barnabas),|d1882-1941"
"|aUniversity of Cincinnati, University Architect records,|f1990-2000 |aUniversity of Cincinnati.|bUniversity Architect"
"|aEngineering Library reports and statistics,|f1974-2007 |aUniversity of Cincinnati.|bLibraries.|bEngineering Library"
"|aJames Helmsworth Collection,|f1916-2015 |aHelmsworth, James"
"|aRobert A. Taft papers,|f1949-1960 |aTaft, Robert A.|q(Robert Alphonso),|d1889-1953"
"|aUniversity of Cincinnati, President's Cabinet Meeting Minutes,|f2009-2012 |aUniversity of Cincinnati.|bOffice of the President"
"|aAssociation of Collegiate Schools of Planning,|f1974-1994 |aAssociation of Collegiate Schools of Planning (U.S.)"
"|aDunham Hospital Collection,|f1882-1946|g(bulk 1900-1915) |aDunham Hospital (Cincinnati, Ohio)"
"|aUniversity of Cincinnati. College of Education, Criminal Justice, and Human Services records,|f1990-1992 |aUniversity of Cincinnati.|bCollege of Education, Criminal Justice, and Human Services"
"|aUniversity of Cincinnati, Office of Senior Vice President and Provost Records,|f1982-2009 |aUniversity of Cincinnati.|bOffice of the Senior Vice President and Provost"
"|aHerbert W. Stevens Oral History Interviews,|f1982 |aStevens, Herbert W"
"|aUniversity of Cincinnati Libraries, Library Services records,|f1982-2010 |aUniversity of Cincinnati.|bLibraries.|bLibrary Services"
"|aUniversity of Cincinnati, Office of the President, Nancy Zimpher Speeches,|f2003-2009 |aUniversity of Cincinnati.|bOffice of the President"
"|aNature Conservancy, Ray M. Culter Papers,|f1997-2000 |aCulter, Ray M"
"|aSeton Hospital Collection,|f1899-1925|g(bulk 1923-1925) |aSeton Hospital (Cincinnati, Ohio)"
"|aDean R. Hoge papers,|f1800-2007|g(bulk 1957-2007) |aHoge, Dean R.,|d1937-2008"
"|aBlumberg Book Return Files,|f1991 |aUniversity of Cincinnati.|bLibraries"
"|aHamilton County (Ohio), Probate Court Wills,|f1791-1901 |aOhio.|bProbate Court (Hamilton County)"
"|aUniversity of Cincinnati, Department of Psychology records,|f1967-2011 |aMcMicken College of Arts and Sciences.|bDepartment of Psychology"
|a[E.B. White collection]
"|aMiniature Books Societies Collection,|f1975-2014 |aPalkovic, Mark,|ecollector"
"|aAnn Fabe Isaacs papers,|f1956-1997 |aIsaacs, Ann Fabe,|d1920-"
"|aUniversity of Cincinnati, Center for the Study of the Human Environment records,|f1976-1989 |aUniversity of Cincinnati.|bCenter for the Study of the Human Environment"
"|aHoxworth Blood Center Records,|f1978-1999 |aHoxworth Blood Center"
"|aMichael F. Ford papers,|f1969-1979 |aFord, Michael F"
"|aNancy Nunnally papers,|f1879-1959 |aNunnally, Nancy"
"|aSouthern Ohio Chapter for the American Society for Information Science records,|f1964-1985 |aAmerican Society for Information Science.|bSouthern Ohio Chapter"
"|aVan Meter Ames papers,|f1966-1995 |aAmes, Van Meter,|d1898-"
"|aShowboat Majestic records,|f1926-1986 |aUniversity of Cincinnati.|bCollege-Conservatory of Music"
"|aCity of Forest Park Records,|f1961-1992 |aForest Park (Hamilton County, Ohio)"
"|aUniversity of Cincinnati, College of Design, Architecture, Art, and Planning, Event Programs,|f2012 |aUniversity of Cincinnati.|bCollege of Design, Architecture, Art, and Planning"
"|aRobert A. Kehoe Archival Collection,|f1923-1981 |aKehoe, Robert A"
"|aHenry J. Heimlich Archival Collection,|f1924-2011|g(bulk 1956-2000) |aHeimlich, Henry J"
"|aUniversity of Cincinnati, Office of the Registrar, A.S.T.P. records,|f1833-1963 |aUniversity of Cincinnati.|bOffice of the Registrar"
"|aUniversity of Cincinnati, Planning+Design+Construction Capital Project and Renovation records,|f1993-2003 |aUniversity of Cincinnati.|bPlanning + Design + Construction"
"|aAssociation of Collegiate Schools of Planning records,|f1984-1996 |aAssociation of Collegiate Schools of Planning (U.S.)"
"|aUniversity of Cincinnati Medical Center Patient and Operating Records Collection,|f1837-1977 |aUniversity Hospital (Cincinnati, Ohio)"
"|aJohn Keith Stewart papers,|f1959-1981 |aStewart, Keith|q(John Keith)"
"|aUniversity of Cincinnati, College of Education and Home Economics Alumni Association Records,|f1931-1970 |aUniversity of Cincinnati.|bCollege of Education and Home Economics"
"|aJames M. Alexander, Jr. Papers,|f1950-1997 |aAlexander, James M., Jr"
"|aRobert P. Goldman Proportional Representation Collection,|f1925-1964 |aGoldman, Robert P"
"|aUniversity of Cincinnati, Office of Public Relations Newspaper Clippings and Subject Files,|f1991-2008|g(bulk 2007-2008) |aUniversity of Cincinnati.|bOffice of Public Relations"
"|aLeigh Harline papers,|f1938-1968 |aHarline, Leigh"
"|aUniversity of Cincinnati, College of Business records,|f1976-2007 |aUniversity of Cincinnati.|bCollege of Business"
"|aArthur T. Hamlin papers,|f1961-1968 |aHamlin, Arthur T"
"|aCincinnati Obstetrical and Gynecological Society Collection,|f1877-1977 |aObstetrical Society of Cincinnati"
"|aUniversity of Cincinnati, College of Allied Health Sciences records,|f1992-2002 |aUniversity of Cincinnati.|bCollege of Allied Health Sciences"
"|aH.H. Fick German-Americana Added papers,|f1780-2002 |aFick, H.H.|q(Henry H.)|d1849-1935"
"|aCincinnati (Ohio). City Planning Commission,|f1922-1975 |aCincinnati (Ohio).|bCity Planning Commission"
"|aSouthwest Ohio Folklore Collection,|f1974-2010 |aSlotkin, Edgar M.|q(Morris)"
"|aJohn DeCamp papers,|f1963-1966 |aDeCamp, John"
"|aDarwin Sesquicentennial Celebration records,|f2006-2009 |aDarwin Sesquicentennial Celebration|d(2009 :|cCincinnati, Ohio)"
"|aSamuel Nickles Collection,|f1820-1949 |aNickles, Samuel"
"|aOver-the-Rhine Planning Task Force records,|f1980-1984 |aOver-the-Rhine Planning Task Force"
"|aGoldine C. Gleser papers,|f1950-1980 |aGleser, Goldine C"
"|aCharles D. Aring Papers, 1929-1998,|f1929-1998 |aAring, Charles D.|d1904-1998"
"|aDorothy Nichols Dolbey Papers,|f1940-1973 |aDolbey, Dorothy Nichols"
"|aCincinnati Ballet records,|f1918-2013|g(bulk 1964-2012) |aCincinnati Ballet"
"|aAda Hart Arlitt papers,|f1933-1934 |aArlitt, Ada Hart,|d1890-"
"|aUniversity of Cincinnati, Clermont College, Public Information Office records,|f1972-1998 |aUniversity of Cincinnati.|bClermont College"
"|aJohn Koegel Collection of German-American Ephemera,|f1855-1919 |aKoegel, John,|d1956-"
"|aGorno family papers,|f1870-1980 |aGorno family"
"|aRaymond Walters College, College Relations records,|f1967-2007|g(bulk 1980-2000) |aRaymond Walters General and Technical College.|bCollege Relations"
"|aMarjorie A. Grad Archival Collection,|f1980-1984 |aGrad, Marjorie A"
"|aD. Gerald Lach papers,|f1923-1978 |aLach, D. Gerald|q(Delmar Gerald)"
"|aDry Dredgers records,|f1882-2010|g(bulk 1942-2010) |aDry Dredgers"
"|aUniversity of Cincinnati, College-Conservatory of Music, Dean Allen Sapp Office files,|f1986-1992 |aUniversity of Cincinnati.|bCollege-Conservatory of Music.|bOffice of the Dean"
"|aUniversity of Cincinnati, Division of Student Affairs and Services, Campus Calendars,|f1987-2006 |aUniversity of Cincinnati.|bDivision of Student Affairs and Services"
"|aDistillery, Rectifying and Wine Workers International Union of America, Local 32 records,|f1941-1970 |aDistillery, Rectifying and Wine Workers' International Union of America.|bLocal 32 (Cincinnati, Ohio)"
"|aAlfred Gong papers,|f1949-2000 |aGong, Alfred,|d1920-1981"
"|aUniversity of Cincinnati, North Central Association Accreditation Records,|f2008-2009 |aUniversity of Cincinnati.|bSelf-Study Steering Committee"
"|aUniversity of Cincinnati, University Libraries, Langsam Floor Plans,|fcirca 1970s |aUniversity of Cincinnati.|bLibraries"
"|aUniversity of Cincinnati, University Communications Semester Conversion Records,|f2007-2012 |aUniversity of Cincinnati.|bUniversity Communications"
"|aCincinnati Kindergarten Association records,|f1876-1959 |aCincinnati Kindergarten Association"
"|aParvin Titus papers,|f1925-1973 |aTitus, Parvin"
"|aAssociation of Collegiate Schools of Planning records,|f1986-2003 |aAssociation of Collegiate Schools of Planning (U.S.)"
"|aThird Protestant Memorial Church records,|f1814-1982 |aThird Protestant Memorial Church (Cincinnati, Ohio)"
"|aJerry Springer papers,|f1971-1979 |aSpringer, Jerry,|d1944-"
"|aUniversity of Cincinnati, Office of the President, Raymond Walters records,|f1908-1960 |aUniversity of Cincinnati.|bOffice of the President"
"|aGeorge B. Barbour Papers,|f1934-1972 |aBarbour, George B.|q(George Brown),|d1890-1977"
"|aNapolitano Monument Company records,|f1908-1984 |aNapolitano Monument Company"
"|aCincinnati Central American Task Force records,|f1981-2001 |aCincinnati Central American Task Force (Cincinnati, Ohio)"
"|aWoodie Garber Papers,|f1957-1960 |aGarber, Woodie"
"|aCarl A. Heuther, Genetic Counseling Program records,|f1981-2004 |aHeuther, Carl A"
"|aChildren's International Summer Villages Records, Doris Twitchell Allen Village,|f1951-1999 |aChildren's International Summer Villages"
"|aHans-Georg Richert papers,|f1925-1987 |aRichert, Hans-Georg"
"|aSociety for German-American Studies records,|f1976-2005 |aSociety for German-American Studies (U.S.)"
"|aCincinnati Park Board records,|f1913-1990 |aCincinnati (Ohio).|bBoard of Park Commissioners"
"|aAssociation of Collegiate Schools of Planning records,|f1985-1990 |aAssociation of Collegiate Schools of Planning (U.S.)"
"|aCharles W. Matthews papers,|f1939-1970 |aMatthews, Charles W.,|d-1988"
"|aUniversity of Cincinnati, Department of Business Administration,|f1898-1960|g(bulk 1922-1960) |aUniversity of Cincinnati.|bCollege of Business Administration.|bDepartment of Business Administration"
"|aUniversity of Cincinnati, Clermont College, Clermont Current newsletter,|f1988-1992 |aUniversity of Cincinnati.|bClermont College"
"|aUniversity of Cincinnati, Clermont College, College Relations Records,|f1998-2010 |aUniversity of Cincinnati.|bClermont College.|bCollege Relations"
"|aClemens von Metternich Letters,|f1822-1829 |aMetternich, Clemens Wenzel Lothar,|cFürst von,|d1773-1859"
"|aEarle E. Eubank papers,|f1916-1938 |aEubank, Earle Edward,|d1887-1945"
"|aAssociation of Collegiate Schools of Planning records,|f1990-1999 |aAssociation of Collegiate Schools of Planning (U.S.)"
"|aBobbie Sterne papers,|f1969-2006 |aSterne, Bobbie"
"|aGilbert Bettman Jr. papers,|f1902-2000 |aBettman, Gilbert,|cJr.,|d1918-2000"
"|aUniversity of Cincinnati, College of Education, Dean's Offices Files,|f1906-1979 |aUniversity of Cincinnati.|bCollege of Education.|bOffice of the Dean"
"|aAssociation of Women Administrators records,|f1996-2000 |aUniversity of Cincinnati.|bAssociation of Women Administrators"
"|aUniversity of Cincinnati, College of Education Faculty Minutes,|f1928-1970 |aUniversity of Cincinnati.|bCollege of Education"
"|aMarian Alexander Spencer and Donald Spencer Papers,|f1935-2015 |aSpencer, Marian Alexander"
"|aNational Municipal League records,|f1912-1966 |aNational Municipal League"
"|aVan Meter Ames Book Collection,|f1899-1977 |aAmes, Van Meter,|d1898-"
"|aUniversity of Cincinnati, Clermont College, Dean Roger J. Barry Review Records,|f1994 |aUniversity of Cincinnati.|bClermont College"
"|aSociety for German American Studies records,|f1971-2007 |aSociety for German-American Studies (U.S.)"
"|aCincinnati (Ohio), Board of Park Commissioners scrapbook,|f1931 |aCincinnati (Ohio).|bBoard of Park Commissioners"
"|aDale Warland Singers records,|f1973-2005 |aDale Warland Singers"
"|aUniversity of Cincinnati University Architect Records,|f1974-1991 |aUniversity of Cincinnati.|bUniversity Architect"
"|aPaulette Meier Papers,|f1987-2001 |aMeier, Paulette"
"|aRaymond Walters College, Department of Nursing records,|f1969-2005 |aRaymond Walters General and Technical College.|bDepartment of Nursing"
"|aCincinnati Park Board records,|f1952-1974 |aCincinnati Park Board"
"|aCarl Albert Helmecke Papers,|f1898-1984|g(bulk 1937-1938) |aHelmecke, Carl Albert"
"|aAmerican Civil Liberties Union Cincinnati Chapter records,|f1961-1971 |aAmerican Civil Liberties Union.|bCincinnati Chapter"
"|aUniversity of Cincinati, Graduate Council Minutes,|f1939-1960 |aUniversity of Cincinnati.|bGraduate Council"
"|aMont Rogers Reid Collection,|f1914-1943 |aReid, Mont Rogers"
"|aClermont College Administrative Subject Files,|f1967-1989 |aUniversity of Cincinnati.|bClermont College"
"|aAnnie Laws papers,|f1926-1941 |aLaws, Annie,|d-1927"
"|aClermont College publications,|f2001-2010 |aUniversity of Cincinnati.|bClermont College"
"|aUniversity of Cincinnati. College of Education, Educator newsletter,|f1986-1995 |aUniversity of Cincinnati.|bCollege of Education.|bAlumni Association"
"|aCharles W. Matthews papers,|f1912-1970 |aMatthews, Charles W.,|d-1988"
"|aGrace Anna Fry Papers,|f1914-1943 |aFry, Grace Anna"
"|aDavid McLain and David Blackburn Dance Collection,|f1955-1984 |aMcLain, David"
"|aBobbie Sterne papers,|f1969-2007 |aSterne, Bobbie"
"|aRoscoe C. Garrison Collection,|f1916-1933|g(bulk 1918-1919) |aGarrison, Roscoe"
"|aUniversity of Cincinnati, Office of the President Subject Files,|f1980-2013 |aUniversity of Cincinnati.|bOffice of the President"
"|aUniversity of Cincinnati, President's Cabinet Minutes,|f2004-2009 |aUniversity of Cincinnati.|bOffice of the President"
"|aWomen's Athletic Association records,|f1917-1951 |aUniversity of Cincinnati.|bWomen's Athletic Association"
"|aUniversity of Cincinnati, Clermont College, Public Information Office records,|f2000-2008 |aUniversity of Cincinnati.|bClermont College"
"|aQueensgate II Development Program records,|f1968-1970 |aQueensgate II Development Program"
"|aFirst German Baptist Church (Deutsche Baptisten-Kirche) records,|f1880-1991 |aFirst German Baptist Church (Cincinnati, Ohio)"
"|aCincinnati AFL-CIO Labor Council records,|f1886-1968 |aAFL-CIO.|bCincinnati Labor Council"
"|aRobin Ann Sheets papers,|f1975-1995 |aSheets, Robin Ann"
"|aDonald Spencer papers,|f1935-1942 |aSpencer, Donald A.|q(Donald Andrew)"
"|aUniversity of Cincinnati, College of Business Records,|f1956-2012 |aUniversity of Cincinnati.|bCollege of Business"
"|aGeorge Barker Engberg papers,|f1948-1979 |aEngberg, George Barker"
"|aUniversity of Cincinnati, University Honors Program Publications,|f1992-2008 |aUniversity of Cincinnati.|bUniversity Honors Program"
"|aStudent Activities Board, Activus Handbook,|f1987-1999 |aUniversity of Cincinnati.|bStudent Activities Board"
"|aUniversity of Cincinnati, Faculty Senate Records,|f1978-2005 |aUniversity of Cincinnati.|bFaculty Senate"
"|aCincinnati Barber's Union records,|f1907-1971 |aJourneymen Barbers' International Union of America.|bLocal 49 (Cincinnati, Ohio)"
"|aProject SNAP records,|f1978-1980 |aProject SNAP (Cincinnati, Ohio)"
"|aCincinnati (Ohio), Board of Park Commissioners books and photographs,|f1899-1941 |aCincinnati (Ohio).|bBoard of Park Commissioners"
"|aUniversity of Cincinnati, Resident Education and Development records,|f2003-2005 |aUniversity of Cincinnati.|bResident Education and Development"
"|aCollection of Daniel Drake Materials,|f1799-2002 |aEdwards, Elizabeth Drake,|ecollector"
"|aAmerican Civil Liberties Union Cincinnati Chapter records,|f1968-1986 |aAmerican Civil Liberties Union.|bCincinnati Chapter"
"|aUniversity of Cincinnati, College of Nursing and Health, Nursing Notes Newsletter,|f1955-1967 |aUniversity of Cincinnati.|bCollege of Nursing and Health"
"|aSouthern Ohio Chapter of the American Society for Information Science records,|f1998-2000 |aAmerican Society for Information Science.|bSouthern Ohio Chapter"
"|aCarl W. Blegen papers,|f1920-1958 |aBlegen, Carl W.|q(Carl William),|d1887-1971"
"|aAlfred Bettman papers,|f1910-1945 |aBettman, Alfred,|d1873-1945"
"|aCornelius Wandmacher papers,|f1918-1986 |aWandmacher, Cornelius,|d1911-"
"|aKarin Dayas papers,|f1930-1943 |aDayas, Karin"
"|aStephen H. Wilder Foundation records,|f1940-1998 |aStephen H. Wilder Foundation"
"|aBarbara N. Ramusack papers,|f1958-2009 |aRamusack, Barbara N"
"|aDolly Cohen scrapbooks,|f1938-1970 |aCohen, Dolly"
"|aFresh Painters of the University of Cincinnati records,|f1923-1936 |aFresh Painters of the University of Cincinnati"
"|aSouthern Ohio Chapter of the American Society for Information Science records,|f1978-1998 |aAmerican Society for Information Science.|bSouthern Ohio Chapter"
"|aCharles M. Judd papers,|f1950-1989 |aJudd, Charles M"
"|aNature Conservancy, Ray M. Culter papers,|f1998-2004 |aCulter, Ray M"
"|aUniversity of Cincinnati Center for Executive Education records,|f1998-2008 |aUniversity of Cincinnati.|bCollege of Business.|bCenter for Executive Education"
"|aJohn Fleischman papers,|f1942-2006 |aFleischman, John,|d1948-"
"|aMelville Bernstein papers,|f1932-1986 |aBernstein, Melville"
"|aUniversity of Cincinnati, Ohio College of Applied Science records,|f1818-1971 |aUniversity of Cincinnati.|bOhio College of Applied Science"
"|aLincoln Heights Community Facilities records,|f1965-2007 |aLincoln Heights (Hamilton County, Ohio).|bCommunity Facilities"
"|aSouthern Ohio Chapter of the American Society for Information Science (SOASIS) records,|f1961-1991 |aAmerican Society for Information Science.|bSouthern Ohio Chapter"
"|aCecil Striker Archival Collection,|f1897-1976 |aStriker, Cecil,|d1897-"
"|aStanley Elwood Dorst papers,|fundated |aDorst, Stanley Elwood,|d1897-1972"
"|aCollege of Business Center for Entrepreneurship Research Studies,|f1988-1995 |aUniversity of Cincinnati.|bCollege of Business Administration.|bCenter for Entrepreneurship Research Studies"
"|aNature Conservancy, Ray M. Culter Papers,|f1993-2004 |aCulter, Ray M"
"|aUniversity of Cincinnati, Woman's Club records,|f1951-2009 |aUniversity of Cincinnati.|bWoman's Club"
"|aChase Bank of Ohio records,|f1886-1973 |aChase Bank of Ohio"
"|aCincinnati Book Arts Society Records,|f1998-2013 |aCincinnati Book Arts Society"
"|aHugh B. Staples Papers: The Teaching of James Joyce,|fcirca 1970-1989 |aStaples, Hugh B"
"|aGeorge B. (George Brown) Barbour papers,|f1888-1977 |aBarbour, George B.|q(George Brown),|d1890-1977"
"|aUniversity of Cincinnati Libraries, Dean's Office and Administrative records,|f1974-2014 |aUniversity of Cincinnati.|bLibraries"
"|aUrban Appalachian Council records,|f1968-1980 |aUrban Appalachian Council"
"|aPrager Memorial Day Records,|f1993-1995 |aPrager Memorial Day"
"|aRobert Marx Collection,|f1906-1973 |aMarx, Robert S"
"|aRobert T. Howe papers,|f1952-2000 |aHowe, Robert T"
"|aKarin Dayas papers,|f1927-1973 |aDayas, Karin"
"|aNature Conservancy papers,|f1982-2009 |aCulter, Ray M"
"|aDavid J. Allor papers,|f1961-1995 |aAllor, David J"
"|aUniversity of Cincinnati, Office of Public Relations General Files,|f1973-2006 |aUniversity of Cincinnati.|bOffice of Public Relations"
"|aKennedy Heights Community Council records,|f1951-2007 |aKennedy Heights Community Council"
"|aHerbert W. Stevens papers,|f1964-1982 |aStevens, Herbert W"
"|a9 to 5, National Association of Working Women, University of Cincinnati Chapter records,|f1972-1992 |a9 to 5, National Association of Working Women (U.S.).|bUniversity of Cincinnati Chapter"
"|aCincinnati Barber's Union records,|f1877-1983 |aJourneymen Barbers, Hairdressers, and Cosmetologists' International Union of America.|bLocal 49 (Cincinnati, Ohio)"
"|aUniversity of Cincinnati, Office of the Senior Vice President and Provost records,|f1980-2007 |aUniversity of Cincinnati.|bOffice of the Senior Vice President and Provost"
"|aThe Jewish Hospital of Cincinnati Record Collection,|f1881-1980 |aJewish Hospital (Cincinnati, Ohio)"
"|aHousing Opportunities Made Equal records,|f1966-2009 |aHousing Opportunities Made Equal (Organization : Cincinnati, Ohio)"
"|aGilbert Bettman, Jr. papers,|f1918-1946 |aBettman, Gilbert,|cJr.,|d1918-2000"
"|aUniversity of Cincinnati, Internal Audit Reports,|f1987-2005|g(bulk 1987-1994) |aUniversity of Cincinnati.|bOffice of Internal Audit"
"|aWhole Body Radiation Study Records Collection,|f1960-1994 |aUniversity of Cincinnati.|bHealth Sciences Library"
"|aUniversity of Cincinnati, College of Education and Home Economics Records,|f1964-1973 |aUniversity of Cincinnati.|bCollege of Education and Home Economics"
"|aThomas A. Luken papers,|f1952-1972 |aLuken, Thomas A"
"|aAssociation of Collegiate Schools of Planning records,|f1971-1992 |aAssociation of Collegiate Schools of Planning"
"|aUniversity of Cincinnati Athletics Committee records,|f1999-2007 |aUniversity of Cincinnati.|bAthletics Committee"
"|aAlpha Chi Omega, Alpha Delta Chapter Memorabilia,|f1940-2001 |aAlpha Chi Omega.|bAlpha Delta Chapter (University of Cincinnati)"
"|aNature Conservancy, Ray M. Culter papers,|f1999-2002 |aCulter, Ray M"
"|aAssociation of Collegiate Schools of Planning records,|f1978-1994 |aAssociation of Collegiate Schools of Planning"
"|aAssociation of Women Administrators records,|f1975-1993 |aUniversity of Cincinnati.|bAssociation of Women Administrators"
"|aCincinnati AFL-CIO Labor Council collection of The Chronicle,|f1962-1968 |aAFL-CIO.|bCincinnati Labor Council"
"|aRobin Ann Sheets papers,|f1977-1995 |aSheets, Robin Ann"
"|aTangeman University Center records,|f1905-1991 |aUniversity of Cincinnati.|bTangeman University Center"
"|aSwiss Benevolent Association (Cincinnati, Ohio) records,|f1871-2011|g(bulk 1965-2011) |aSwiss Benevolent Association (Cincinnati, Ohio)"
"|aHarold Hiatt Archival Collection,|f1958-1993 |aHiatt, Harold"
"|aBenjamin Felson papers,|f1930-1989|g(bulk 1960-1988) |aFelson, Benjamin"
"|aAssociation of Collegiate Schools of Planning records,|f1957-1989 |aAssociation of Collegiate Schools of Planning (U.S.)"
"|aStanley B. Troup Archival Collection,|f1949-2009 |aTroup, Stanley B"
"|aSouthern Ohio Chapter of the American Society for Information Science and Technology (SOASIST) records,|f1994-2003 |aAmerican Society for Information Science and Technology.|bSouthern Ohio Chapter"
"|aUniversity of Cincinnati, College of Community Services records,|f1972-1984 |aUniversity of Cincinnati.|bCollege of Community Services"
"|aUniversity of Cincinnati, Office of the President, Greg Williams Speeches,|f2009-2012 |aUniversity of Cincinnati.|bOffice of the President"
"|aUniversity of Cincinnati, University Architect, Construction Management Renovation and Planning Projects records,|f1973-1990 |aUniversity of Cincinnati.|bUniversity Architect"
"|aRaymond Walters College Publications,|f1967-2010 |aRaymond Walters General and Technical College"
"|aCollege of Nursing Records,|f1966-2005 |aUniversity of Cincinnati.|bCollege of Nursing"
"|aUniversity of Cincinnati University Architect, Department of Construction Management records,|f1964-1985 |aUniversity of Cincinnati.|bUniversity Architect.|bDepartment of Construction Management"
"|aUniversity of Cincinnati, University Architect records,|f1998 |aUniversity of Cincinnati.|bUniversity Architect"
"|aUniversity of Cincinnati, Office of the President, Nancy Zimpher Calendars,|f2003-2009 |aUniversity of Cincinnati.|bOffice of the President"
"|aJohn A. Winget papers,|f1947-1982 |aWinget, John A"
"|aCooperative Fiscal Services of Cincinnati records,|f1987-1998 |aCooperative Fiscal Services of Cincinnati"
"|aUnited States, Army Corps of Engineers, Ohio River Division records,|f1923-1939 |aUnited States.|bArmy.|bCorps of Engineers.|bOhio River Division"
"|aUniversity of Cincinnati Libraries, Digital Projects Records,|f1995-2005 |aUniversity of Cincinnati.|bLibraries.|bDigital Projects Unit"
"|aCollege-Conservatory of Music Alumni Association records,|f1888-2000 |aUniversity of Cincinnati.|bCollege-Conservatory of Music.|bAlumni Association"
"|aGood Samaritan Hospital Photograph Collection,|f1912-1941|g(bulk 1920-1935) |aGood Samaritan Hospital (Cincinnati, Ohio)"
"|aUniversity of Cincinnati, University Architect records,|f1960-1993 |aUniversity of Cincinnati.|bUniversity Architect"
"|aCincinnati Kindergarten Alumni Association records,|f1897-1966 |aCincinnati Kindergarten Alumni Association"
"|aTheodore M. Berry papers,|f1866-2001 |aBerry, Theodore M.|q(Theodore Moody),|d1905-"
"|aLegal Aid Society of Cincinnati records,|f1966-1979 |aLegal Aid Society of Cincinnati"
"|aHelmecke family papers,|f1767-1961 |aHelmecke family"
"|aUniversity of Cincinnati, College of Business records,|f1993-2006 |aUniversity of Cincinnati.|bCollege of Business"
"|aUniversity of Cincinnati, College of Applied Science Library records,|f1863-2002|g(bulk 1974-2002) |aUniversity of Cincinnati.|bCollege of Applied Science.|bLibrary"
"|aMary Maciel Archival Collection,|f1929-1985 |aMaciel, Mary"
"|aJames Paradise papers,|f1950-1979 |aParadise, James C"
"|aWomen's Institute for Leadership Development (WILD) records,|f1999-2008 |aWomen's Institute for Leadership Development (Cincinnati, Ohio)"
"|aDorothy Nichols Dolbey papers,|f1940-1973 |aDolbey, Dorothy Nichols"
"|aUniversity of Cincinnati, Institute of Governmental Research records,|f1925-1981 |aUniversity of Cincinnati.|bInstitute of Governmental Research"
"|a4C for Children records,|f1971-2015 |a4C for Children (Organization)"
"|aUniversity of Cincinnati Woman's Club records,|f1967-2005 |aUniversity of Cincinnati.|bWoman's Club"
"|aPhillip O. Bridenbaugh Collection,|f2003-2005 |aBridenbaugh, Phillip O.,|d1932-"
"|aUniversity Libraries German-American Heritage Month Book Exhibit records,|f1992-1993 |aUniversity of Cincinnati.|bLibraries"
"|aPatricia Renick Papers,|f1932-2007 |aRenick, Patricia"
"|aUniversity of Cincinnati Campus Unrest Collection,|f1964-1990 |aUniversity of Cincinnati"
"|aNature Conservancy, Ray M. Culter Papers,|f2002-2003 |aCulter, Ray M"
"|aHarvey A. K. Whitney Jr. Collection,|f1928-1997|g(bulk 1979-1985) |aWhitney, Harvey A. K"
"|aCharles H. Stamm papers,|f1923-1974 |aStamm, Charles H.,|d1901-1983"
"|aMcMicken College of Arts & Sciences, Charles Phelps Taft Memorial Fund Office Files,|f1930-1980 |aUniversity of Cincinnati.|bCharles Phelps Taft Memorial Fund"
"|aWiden Tabakoff Papers,|f1960-1996 |aTabakoff, Widen"
"|aUniversity of Cincinnati, College of Business records,|f1960-2007 |aUniversity of Cincinnati.|bCollege of Business"
"|aDr. Christopher Pratt and Mrs. Jimmie Cochran Pratt MPA Cooperative Education Library Collection,|f1964-2007 |aPratt, Christopher"
"|aUniversity of Cincinnati Libraries, Langsam Reserves records,|f1978-2002 |aUniversity of Cincinnati.|bLibraries"
"|aUniversity of Cincinnati, College of Business, Publications and Photographs,|f1999-2008 |aUniversity of Cincinnati.|bCollege of Business"
"|aUniversity of Cincnnnati Board of Trustees Supporting Papers,|f2007-2010 |aUniversity of Cincinnati.|bBoard of Trustees"
"|aUniversity of Cincinnati, Office of the President Media Files,|f2000-2013 |aUniversity of Cincinnati.|bOffice of the President"
"|aCincinnati Men's Chorus records,|f1991-2008|g(bulk 1991-2001) |aCincinnati Men's Chorus"
"|aCincinnati Ballet records,|f1985-2008 |aCincinnati Ballet"
"|aUniversity of Cincinnati, Campus Services Publications,|f2007-2008 |aUniversity of Cincinnati.|bCampus Services"
"|aDr. Eslie Asbury and Dr. Arthur L. Knight Collection,|f1912-2008 |aAsbury, Eslie"
"|aUniversity of Cincinnati. Athletics Committee records,|f1996-2006 |aUniversity of Cincinnati.|bAthletics Committee"
"|aAmerican Society for Information Science, Southern Ohio Chapter (SOASIS) records,|f1990-1997 |aAmerican Society for Information Science.|bSouthern Ohio Chapter"
"|aSouthern Ohio Chapter of the American Society for Information Science (SOASIS) records,|f1981-1985 |aAmerican Society for Information Science.|bSouthern Ohio Chapter"
"|aMusic Teachers National Association records,|f1963-2006 |aMusic Teachers National Association"
"|aAlbert Henry and Joseph Freiberg Collection,|f1911-1962 |aFreiberg, Joseph"
"|aWomen Helping Women records,|f1975-1980 |aWomen Helping Women (Agency)"
"|aUniversity of Cincinnati University Architect records,|f1989-1999 |aUniversity of Cincinnati.|bUniversity Architect"
"|aUniversity of Cincinnati, Medical Center, Martin Luther King, Jr. Memorial Service Video Recordings,|f1986-1993 |aUniversity of Cincinnati.|bMedical Center"
"|aJerry Springer papers,|f1970-1979 |aSpringer, Jerry,|d1944-"
"|aUniversity of Cincinnati Libraries, Health Sciences Library records,|f1994-2015 |aUniversity of Cincinnati.|bLibraries"
"|aOhio Association for the Education of Young Children records,|f1973-1995 |aOhio Association for the Education of Young Children"
"|aNature Conservancy, Ray M. Culter papers,|f1973-1998 |aCulter, Ray M"
"|aGeorge E. Armstrong Photograph Collection,|f1937-1946 |aArmstrong, George E"
"|aIsay Balinkin papers,|f1950-1971 |aBalinkin, Isay A"
"|aGunter Grupp Archival Collection,|f1946-2008 |aGrupp, Gunter"
"|aCincinnati Artists Group Effort (CAGE) records,|f1981-1994|g(bulk 1994) |aCincinnati Artists Group Effort (Firm)"
"|aLeon Goldman Archival Collection,|f1911-1986 |aGoldman, Leon,|d1905-1997"
"|aIota Sigma Pi, Radium Chapter Records,|f1921-1987 |aIota Sigma Pi.|bRadium Chapter"
"|aPearl M. Wright papers,|f1933-1990 |aWright, Pearl M"
"|aUniversity of Cincinnati, College of Applied Sciences records,|f1965-2003 |aUniversity of Cincinnati.|bCollege of Applied Science"
"|aNational Sculpture Conference: Works by Women documentation,|f1987-1990 |aNational Sculpture Conference: Works by Women|d(1987 :|cCincinnati, Ohio)"
"|aCincinnati Butchers Supply Company catalogs and photographs,|f1915-1923 |aCincinnati Butchers' Supply Company"
"|aNature Conservancy, Ray M. Culter papers,|f1996-2009 |aCulter, Ray M"
"|aF.H. (Francis Henry) Bird papers,|f1921-1960 |aBird, F. H.|q(Francis Henry)"
"|aUniversity of Cincinnati, Office of the President, Nancy L. Zimpher Records,|f2003-2008 |aUniversity of Cincinnati.|bOffice of the President"
"|aNature Conservancy, Ray M. Culter papers,|f1976-2001 |aCulter, Ray M"
"|aRichardson Stones-Burnet Woods Collection,|f1911-1972 |aOperation Resurrection (Cincinnati, Ohio)"
"|aGerhard R. Schade papers,|f1920-1990 |aSchade, Gerhard R"
"|aUniversity of Cincinnati, Resident Education and Development Records,|f1999-2005 |aUniversity of Cincinnati.|bResident Education and Development"
"|aChristian R. Holmes Collection,|f1801-1940|g(bulk 1895-1918) |aHolmes, Christian R.|q(Christian Rasmus),|d1857-1920"
